team_name,team_acronym,match_numbers,champion_kills_per_game,first_baron_rate,winning_rate,net_building_destroyed_per_game,epic_monster_killed_per_game,vision_scores_per_game,team_capital_letter,team_combat_capacity,reference_label,league,region,Rank
T1,T1,137,43.5347261434218,61.0,61.0,74.3819042609153,78.2520325203252,67.70279379821737,T,1000.0,T1,Worlds,INTERNATIONAL,1
Gen.G,GEN,123,51.5527950310559,57.99999999999999,72.0,79.27406628090479,76.21951219512195,68.3394502284473,G,895.4,Gen.G,Worlds,INTERNATIONAL,2
kt Rolster,KT,114,45.90626764539808,62.0,69.0,76.0652288269332,72.15447154471545,62.23503857388959,K,809.44,kt Rolster,LCK,KOREA,3
Hanwha Life Esports,HLE,107,35.629587803500854,47.0,55.00000000000001,62.23040504997369,63.00813008130082,73.26042993034228,H,806.86,Hanwha Life Esports,Worlds,INTERNATIONAL,4
Dplus Kia,DK,87,39.86448334274421,56.99999999999999,59.0,68.753287743293,77.03252032520325,69.42551119766308,D,709.47,Dplus Kia,Worlds,INTERNATIONAL,5
Liiv SANDBOX,LSB,90,32.693393562958775,50.0,42.0,50.341925302472376,57.3170731707317,74.28657029435996,L,677.32,Liiv SANDBOX,LCK,KOREA,6
DRX,DRX,90,22.642574816487855,33.0,31.0,38.66386112572331,48.37398373983739,62.19758819564076,D,651.36,DRX,Worlds,INTERNATIONAL,7
NongShim REDFORCE,NS,85,23.48955392433653,26.0,26.0,33.14045239347712,45.73170731707317,60.20522807280352,N,633.29,NongShim REDFORCE,LCK,KOREA,8
OKSavingsBank BRION,BRO,89,19.141727837380014,39.0,31.0,39.87375065754866,55.28455284552846,70.81866526851921,O,595.12,OKSavingsBank BRION,LCK,KOREA,9
Kwangdong Freecs,KDF,82,23.094297007340483,24.0,33.0,46.344029458179904,51.42276422764227,66.30214965171149,K,587.88,Kwangdong Freecs,LCK,KOREA,10
GAM Esports,GAM,93,65.7820440429136,62.0,71.0,78.43240399789583,77.64227642276424,54.04838588869747,G,571.99,GAM Esports,Worlds,INTERNATIONAL,11
Team Liquid Honda Challengers,TL,96,55.448898927159796,51.0,62.0,68.38506049447659,80.08130081300814,58.75964347239907,T,565.99,Team Liquid Honda Challengers,LCS Challengers,NORTH AMERICA,12
DK Challengers,DK,127,48.22134387351778,61.0,66.0,72.5933719095213,71.7479674796748,59.613512096472164,D,549.3,DK Challengers,LCK Challengers,KOREA,13
FlyQuest Challengers,FLY,92,61.885940146809716,57.99999999999999,62.0,73.85586533403472,66.66666666666667,45.44977904276833,F,531.2,FlyQuest Challengers,LCS Challengers,NORTH AMERICA,14
DRX Challengers,DRX,116,46.52738565782044,55.00000000000001,62.0,73.4876380852183,72.15447154471545,66.2347389708636,D,521.94,DRX Challengers,LCK Challengers,KOREA,15
Cincinnati Fear,FEAR,97,60.079051383399204,52.0,59.0,66.75433982114677,66.46341463414633,33.27840611190173,C,515.96,Cincinnati Fear,LCS Challengers,NORTH AMERICA,16
Team GO,GO,88,59.28853754940712,55.00000000000001,65.0,68.22724881641241,70.73170731707317,58.75964347239907,T,512.4,Team GO,La Ligue Française,EMEA,17
G2 Esports,G2,82,71.82382834556746,62.0,71.0,80.22093634928984,78.86178861788618,54.68504231892742,G,492.72,G2 Esports,Worlds,INTERNATIONAL,18
Golden Guardians,GG,83,50.42348955392433,56.99999999999999,56.99999999999999,67.64860599684377,67.27642276422763,61.49352108456294,G,491.04,Golden Guardians,MSI,INTERNATIONAL,19
HLE Challengers,HLE,104,50.87521174477696,57.99999999999999,57.99999999999999,64.86059968437665,77.03252032520325,62.44476069208298,H,485.39,HLE Challengers,LCK Challengers,KOREA,20
Movistar Riders,MRS,81,71.5415019762846,59.0,63.0,74.69752761704366,76.42276422764228,44.206426484907496,M,485.34,Movistar Riders,SuperLiga,EMEA,21
TEAM WHALES,TW,83,55.39243365330322,59.0,59.0,67.70120988953182,78.2520325203252,69.82248520710058,T,477.02,TEAM WHALES,VCS,VIETNAM,22
Unicorns of Love Sexy Edition,USE,86,58.04630152456238,60.0,70.0,72.80378748027353,69.51219512195121,52.632761590892066,U,476.93,Unicorns of Love Sexy Edition,Prime League,EMEA,23
T1 Esports Academy,T1,103,42.574816487859955,44.0,46.0,55.707522356654394,69.91869918699189,65.9426260205228,T,466.9,T1 Esports Academy,LCK Challengers,KOREA,24
NONGSHIM ESPORTS ACADEMY,NS,105,43.76058723884811,56.00000000000001,61.0,66.91215149921094,66.66666666666667,58.15294734476818,N,462.11,NONGSHIM ESPORTS ACADEMY,LCK Challengers,KOREA,25
AOE Gold,AOE,83,49.2377188029362,42.0,43.0,51.76223040504997,63.21138211382114,42.7233915062542,A,459.0,AOE Gold,LCS Challengers Qualifiers,NORTH AMERICA,26
Anorthosis Famagusta Esports,ANO,80,61.82947487295313,59.0,66.0,75.80220936349289,68.29268292682927,52.73762264998876,A,458.84,Anorthosis Famagusta Esports,Greek Legends League,EMEA,27
kt Challengers,KT,101,44.72049689440993,53.0,59.0,67.01735928458706,69.10569105691057,62.27997902778818,K,454.69,kt Challengers,LCK Challengers,KOREA,28
MAD Lions,MAD,81,52.23037831733484,51.0,51.0,61.7043661230931,63.00813008130082,50.40071904726236,M,450.24,MAD Lions,Worlds,INTERNATIONAL,29
Maryville University,MU,77,65.04799548277809,57.99999999999999,53.0,65.4392425039453,67.6829268292683,51.64407160512322,M,449.63,Maryville University,College Championship,NORTH AMERICA,30
SK Gaming Prime,SKP,74,64.25748164878598,64.0,69.0,79.22146238821672,83.53658536585367,59.523631188675,S,445.46,SK Gaming Prime,Prime League,EMEA,31
RED Kalunga,RED,57,55.84415584415584,56.00000000000001,57.99999999999999,63.492898474487106,81.70731707317073,75.56737323046963,R,444.87,RED Kalunga,Worlds,INTERNATIONAL,32
DenizBank İstanbul Wildcats,IW,72,73.63071710897798,75.0,82.0,90.84692267227774,85.56910569105692,64.04014680548272,D,444.8,DenizBank İstanbul Wildcats,EMEA Masters,EMEA,33
Wildcard,WC,84,57.02992659514399,56.00000000000001,55.00000000000001,58.07469752761705,69.91869918699189,47.47209946820462,W,438.39,Wildcard,LCS Challengers,NORTH AMERICA,34
Evil Geniuses Challengers,EG,88,42.80067758328628,44.0,42.0,50.973172014729094,53.65853658536586,47.94397423413977,E,438.29,Evil Geniuses Challengers,LCS Challengers,NORTH AMERICA,35
CTBC Flying Oyster,CFO,72,48.9553924336533,56.00000000000001,60.0,69.48974224092582,81.09756097560977,75.02059770803685,C,437.81,CTBC Flying Oyster,Worlds,INTERNATIONAL,36
Team Flash,TF,70,40.99378881987577,40.0,40.0,50.23671751709627,63.41463414634146,73.62744363718073,T,431.9,Team Flash,VCS,VIETNAM,37
KaBuM! Academy,KBM,53,65.95143986448335,62.0,56.99999999999999,69.17411888479748,80.28455284552845,95.10898060070406,K,430.62,KaBuM! Academy,CBLOL Academy,BRAZIL,38
LOUD,LLL,60,56.18294748729531,63.0,70.0,75.2761704366123,80.6910569105691,65.10373754774923,L,426.36,LOUD,Worlds,INTERNATIONAL,39
Fukuoka SoftBank HAWKS gaming,SHG,75,48.1648785996612,56.99999999999999,65.0,75.43398211467648,75.20325203252033,59.239008313983966,F,425.32,Fukuoka SoftBank HAWKS gaming,LJL,JAPAN,40
FENNEL,FL,74,47.71315640880858,56.99999999999999,51.0,59.337190952130456,53.45528455284553,52.011085311961644,F,419.72,FENNEL,LJL,JAPAN,41
Saigon Buffalo Esports,SGB,77,47.31789949181254,47.0,52.0,59.28458705944241,65.2439024390244,68.52670211969141,S,411.49,Saigon Buffalo Esports,Worlds,INTERNATIONAL,42
Cloud9,C9,69,52.23037831733484,55.00000000000001,70.0,75.80220936349289,79.0650406504065,64.81162459740843,C,409.96,Cloud9,Worlds,INTERNATIONAL,43
Team Secret,TS,72,44.21230942970073,46.0,44.0,55.760126249342456,56.50406504065041,63.27615908920681,T,409.52,Team Secret,VCS,VIETNAM,44
Bilibili Gaming Pingan Bank,BLG,74,66.17730095990964,61.0,69.0,77.85376117832719,75.20325203252033,69.43300127331287,B,409.2,Bilibili Gaming Pingan Bank,MSI,INTERNATIONAL,45
The Chiefs,CHF,69,72.72727272727272,54.0,57.99999999999999,66.12309310889005,71.7479674796748,47.509549846453446,T,408.14,The Chiefs,Worlds,INTERNATIONAL,46
Frank Esports,FAK,70,47.656691134952,66.0,59.0,68.80589163598107,75.00000000000001,69.48543180286121,F,408.13,Frank Esports,PCS,"HONG KONG, MACAU, TAIWAN",47
CERBERUS ESPORTS,CES,84,50.14116318464145,54.0,48.0,55.97054182009469,66.869918699187,60.39247996404763,C,407.33,CERBERUS ESPORTS,VCS,VIETNAM,48
Gen.G Global Academy,GEN,91,39.24336533032184,42.0,37.0,47.34350341925302,57.92682926829269,64.91648565650513,G,405.95,Gen.G Global Academy,LCK Challengers,KOREA,49
Sengoku Gaming,SG,73,52.62563523433088,64.0,67.0,78.4850078905839,75.8130081300813,47.59194067860084,S,398.46,Sengoku Gaming,LJL,JAPAN,50
Movistar R7,R7,68,64.87859966120834,59.0,65.0,71.64650184113624,72.35772357723576,53.411729458467526,M,398.27,Movistar R7,Worlds,INTERNATIONAL,51
TSM,TSM,46,37.944664031620555,41.0,43.0,46.71225670699632,58.536585365853654,56.16807729758071,T,396.97,TSM,Worlds,INTERNATIONAL,52
PSG Talon,PSG,65,59.85319028797289,60.0,75.0,83.64018937401369,87.39837398373983,71.26057973185529,P,394.73,PSG Talon,Worlds,INTERNATIONAL,53
Los Heretics,HRTS,63,59.96612083568604,52.0,59.0,69.75276170436612,85.16260162601627,71.03587746236236,L,392.63,Los Heretics,SuperLiga,EMEA,54
INTZ,ITZ,47,54.88424618859401,51.0,47.0,60.54708048395582,71.34146341463415,64.93895588345443,I,388.2,INTZ,Worlds,INTERNATIONAL,55
Liiv SANDBOX Youth,LSB,87,39.13043478260869,33.0,33.0,42.24092582851131,52.235772357723576,64.18994831847802,L,386.59,Liiv SANDBOX Youth,LCK Challengers,KOREA,56
DetonatioN FocusMe,DFM,69,64.42687747035572,70.0,75.0,84.79747501315097,74.79674796747967,53.23196764287318,D,385.83,DetonatioN FocusMe,Worlds,INTERNATIONAL,57
Team Fish Taco,TACO,68,54.997176736307175,38.0,40.0,47.60652288269332,57.3170731707317,37.37547749232267,T,384.24,Team Fish Taco,LCS Challengers Qualifiers,NORTH AMERICA,58
Macko Esports,MCK,63,70.4686617730096,68.0,79.0,88.42714360862705,87.60162601626016,46.37854842333908,M,381.73,Macko Esports,PG Nationals,EMEA,59
WLGaming Esports,WLG,68,70.01693958215697,56.00000000000001,65.0,69.85796948974225,74.39024390243902,46.40850872593813,W,379.18,WLGaming Esports,Greek Legends League,EMEA,60
FURIA,FUR,47,42.631281761716544,47.0,49.0,55.81273014203051,76.42276422764228,82.35338176915586,F,372.78,FURIA,CBLOL,BRAZIL,61
Diamant Esports,DIA,63,51.5527950310559,67.0,62.0,71.64650184113624,85.97560975609757,49.187326792000604,D,370.41,Diamant Esports,Esports Balkan League,EMEA,62
Los Grandes,LOS,48,46.24505928853754,44.0,50.0,54.60284061020515,69.51219512195121,64.32476968017376,L,370.06,Los Grandes,CBLOL,BRAZIL,63
Vivo Keyd Stars,VKS,45,54.9407114624506,47.0,42.0,55.707522356654394,69.71544715447155,63.935285746386036,V,369.75,Vivo Keyd Stars,CBLOL,BRAZIL,64
Disguised,DSG,50,54.997176736307175,62.0,66.0,75.48658600736454,80.28455284552845,58.76713354804883,D,367.45,Disguised,LCS Challengers,NORTH AMERICA,65
Orbit Anonymo,OAE,63,67.64539808018068,56.99999999999999,63.0,67.38558653340347,72.56097560975611,34.813871620103356,O,367.03,Orbit Anonymo,Ultraliga,EMEA,66
DSYRE,DSYR,63,64.53980801806888,56.99999999999999,60.0,71.75170962651237,69.3089430894309,49.202306943300115,D,365.94,DSYRE,PG Nationals,EMEA,67
paiN Academy,PNG,43,45.96273291925466,35.0,51.0,60.441872698579694,63.21138211382114,66.64669313160063,P,365.81,paiN Academy,CBLOL Academy,BRAZIL,68
Six Karma,6K,60,56.91699604743082,56.99999999999999,57.99999999999999,69.48974224092582,81.91056910569107,63.530821661298766,S,365.23,Six Karma,LLA,LATIN AMERICA,69
Beyond Gaming,BYG,62,52.73856578204404,53.0,65.0,76.38085218306155,71.34146341463415,76.89311662047785,B,363.77,Beyond Gaming,Worlds,INTERNATIONAL,70
Team Bliss,TB,61,64.70920383963863,51.0,56.99999999999999,67.70120988953182,77.03252032520325,51.516740319077215,T,363.47,Team Bliss,PCS,"HONG KONG, MACAU, TAIWAN",71
KDF Challengers,KDF,84,32.015810276679844,27.0,27.0,40.925828511309845,57.92682926829269,49.876413751778884,K,359.09,KDF Challengers,LCK Challengers,KOREA,72
FUT ESPORTS,FUT,63,61.038961038961034,51.0,59.0,66.38611257233035,68.90243902439023,51.35944873043216,F,357.31,FUT ESPORTS,EMEA Masters,EMEA,73
Beijing JDG Intel Esports Club,JDG,64,60.3613777526821,55.00000000000001,78.0,82.74592319831667,67.6829268292683,62.65448281027638,B,355.9,Beijing JDG Intel Esports Club,Worlds,INTERNATIONAL,74
Supernova,SN,64,51.10107284020328,45.0,42.0,50.8153603366649,60.97560975609756,35.73515092502434,S,355.05,Supernova,LCS Challengers Qualifiers,NORTH AMERICA,75
eSuba,ESB,63,60.58723884810841,56.00000000000001,52.0,65.91267753813781,70.32520325203252,42.83574264100067,E,354.97,eSuba,Hitpoint Masters,EMEA,76
BRO Challengers,BRO,82,34.7261434217956,41.0,33.0,42.977380326144136,54.47154471544716,53.928544678301236,B,354.23,BRO Challengers,LCK Challengers,KOREA,77
KRC Genk Esports,GENK,63,58.94974590626764,62.0,59.0,75.43398211467648,78.04878048780488,46.61074076848177,K,353.68,KRC Genk Esports,Elite Series,EMEA,78
Team BDS,BDS,59,49.68944099378882,56.00000000000001,56.00000000000001,59.49500263019463,75.60975609756098,68.76638454048386,T,353.19,Team BDS,LEC,EMEA,79
GTZ Esports,GTZ,64,71.65443252399774,75.0,75.0,84.79747501315097,79.67479674796748,32.25975582353382,G,351.24,GTZ Esports,Liga Portuguesa,EMEA,80
Estral Esports,EST,58,51.49632975719931,56.99999999999999,62.0,70.64702788006313,75.60975609756098,62.63201258332709,E,346.45,Estral Esports,LLA,LATIN AMERICA,81
SHANGHAI EDWARD GAMING HYCAN,EDG,62,41.276115189158666,47.0,47.0,58.390320883745396,61.17886178861788,66.48940154295559,S,343.88,SHANGHAI EDWARD GAMING HYCAN,Worlds,INTERNATIONAL,82
Deep Cross Gaming,DCG,56,47.71315640880858,56.99999999999999,52.0,66.38611257233035,71.13821138211382,73.35780091378922,D,339.71,Deep Cross Gaming,PCS,"HONG KONG, MACAU, TAIWAN",83
Zero Tenacity,Z10,59,73.23546019198191,71.0,71.0,80.64176749079432,75.00000000000001,43.90682345891693,Z,339.02,Zero Tenacity,Esports Balkan League,EMEA,84
paiN Gaming,PNG,62,50.4799548277809,56.00000000000001,63.0,70.06838506049448,76.21951219512195,88.60010486105908,P,337.49,paiN Gaming,MSI,INTERNATIONAL,85
White Dragons,WD,62,44.88989271597967,45.0,48.0,57.86428195686481,69.3089430894309,45.352408059321405,W,336.95,White Dragons,Liga Portuguesa,EMEA,86
BK ROG Esports,BKR,57,58.32862789384529,68.0,54.0,70.33140452393476,73.17073170731707,52.58782113699348,B,335.07,BK ROG Esports,La Ligue Française,EMEA,87
Team Liquid Honda,TL,57,44.77696216826651,53.0,51.0,65.8074697527617,77.43902439024389,64.59441240356527,T,334.63,Team Liquid Honda,Worlds,INTERNATIONAL,88
FLUXO,FX,44,49.52004517221908,48.0,52.0,63.86112572330352,66.46341463414633,66.0250168526702,F,334.21,FLUXO,CBLOL,BRAZIL,89
Wap Esports,WAP,61,58.89328063241106,56.99999999999999,64.0,68.38506049447659,72.76422764227642,41.74219159613512,W,328.73,Wap Esports,South Regional League,LATIN AMERICA SOUTH,90
Alior Bank Team,AB,62,49.971767363071706,37.0,48.0,58.86375591793793,57.92682926829269,47.284847576960516,A,324.45,Alior Bank Team,Ultraliga,EMEA,91
Entropiq,EIQ,57,64.59627329192547,61.0,74.0,82.06207259337191,72.56097560975611,50.64040146805483,E,322.99,Entropiq,Hitpoint Masters,EMEA,92
Partizan Esports,PAR,59,55.78769057029926,51.0,66.0,68.33245660178852,68.90243902439023,54.28806830948994,P,321.78,Partizan Esports,Esports Balkan League,EMEA,93
Vivo Keyd Stars Academy,VKS,61,60.70016939582157,54.0,64.0,71.48869016307206,78.04878048780488,58.26529847951463,V,319.74,Vivo Keyd Stars Academy,CBLOL Academy,BRAZIL,94
Aegis,AEG,62,52.62563523433088,52.0,50.0,58.65334034718569,69.10569105691057,47.31480787955959,A,318.89,Aegis,La Ligue Française,EMEA,95
AXIZ,AXZ,65,38.05759457933371,37.0,35.0,43.0299842188322,56.707317073170735,54.14575687214439,A,312.44,AXIZ,LJL,JAPAN,96
Fuego,FUE,55,73.40485601355167,69.0,76.0,91.21514992109415,83.73983739837398,38.40161785634035,F,312.31,Fuego,North Regional League,LATIN AMERICA NORTH,97
TOP ESPORTS,TES,56,47.31789949181254,50.0,56.99999999999999,62.07259337190953,66.46341463414633,62.82675455022094,T,311.24,TOP ESPORTS,Worlds,INTERNATIONAL,98
Berlin International Gaming,BIG,54,57.70750988142292,50.0,56.00000000000001,63.65071015255129,73.17073170731707,51.883754025915664,B,310.22,Berlin International Gaming,Prime League,EMEA,99
Isurus,ISG,54,50.4799548277809,48.0,52.0,58.390320883745396,60.772357723577244,58.88697475844506,I,309.46,Isurus,Worlds,INTERNATIONAL,100
Fnatic,FNC,51,49.80237154150198,47.0,49.0,56.60178853235139,60.56910569105691,57.25413826679648,F,309.06,Fnatic,Worlds,INTERNATIONAL,101
Burning Core,BC,60,39.356295878035006,40.0,42.0,51.76223040504997,51.42276422764227,45.89169350610442,B,307.72,Burning Core,LJL,JAPAN,102
Suzhou LNG Esports,LNG,64,54.1501976284585,62.0,64.0,69.64755391899,67.27642276422763,60.617182233540554,S,307.3,Suzhou LNG Esports,Worlds,INTERNATIONAL,103
Primate,PMT,53,59.457933370976846,68.0,70.0,81.58863755917938,81.70731707317073,51.007415174893254,P,301.15,Primate,South Regional League,LATIN AMERICA SOUTH,104
Finetwork KOI,FNK,48,45.17221908526256,54.0,44.0,53.70857443450815,66.46341463414633,66.66167328290015,F,298.24,Finetwork KOI,SuperLiga,EMEA,105
EXCEL,XL,51,45.39808018068887,43.0,37.0,47.02788006312467,66.46341463414633,65.23106883379522,E,297.61,EXCEL,LEC,EMEA,106
WeiboGaming FAW AUDI,WBG,57,47.93901750423489,57.99999999999999,63.0,72.43556023145713,65.2439024390244,66.0699573065688,W,297.5,WeiboGaming FAW AUDI,Worlds,INTERNATIONAL,107
Liberty,LBR,36,29.813664596273288,33.0,19.0,34.87638085218306,54.268292682926834,66.90135570369259,L,296.8,Liberty,CBLOL,BRAZIL,108
100 Thieves,100,51,35.629587803500854,47.0,43.0,50.078905839032096,66.05691056910568,55.523930791700984,#,295.78,100 Thieves,Worlds,INTERNATIONAL,109
Evil Geniuses LG,EG,53,43.365330321852056,57.99999999999999,51.0,63.91372961599158,68.69918699186992,58.909444985394344,E,295.4,Evil Geniuses LG,Worlds,INTERNATIONAL,110
LDLC OL,LDLC,54,46.01919819311124,56.00000000000001,56.00000000000001,62.966859547606525,65.2439024390244,57.45637030934012,L,295.06,LDLC OL,La Ligue Française,EMEA,111
NRG,NRG,38,58.10276679841897,57.99999999999999,55.00000000000001,63.65071015255129,76.21951219512195,100.0,N,294.88,NRG,LCS,NORTH AMERICA,112
MGN Box Esports,MBE,60,31.33822699040091,27.0,18.0,29.93161493950553,41.666666666666664,52.617781439592534,M,294.72,MGN Box Esports,VCS,VIETNAM,113
INFINITY,INF,53,50.70581592320723,53.0,53.0,67.22777485533929,63.00813008130082,63.75552393079169,I,291.63,INFINITY,Worlds,INTERNATIONAL,114
Bisons,BSO,52,63.74929418407679,56.00000000000001,54.0,55.65491846396633,58.94308943089431,48.94015429555838,B,291.16,Bisons,SuperLiga,EMEA,115
SK Gaming,SK,52,41.61490683229813,52.0,44.0,53.18253550762757,60.97560975609756,64.30978952887423,S,290.82,SK Gaming,LEC,EMEA,116
Papara SuperMassive ,SUP,52,53.75494071146245,42.0,50.0,57.2330352446081,69.51219512195121,62.190098119991,P,288.63,Papara SuperMassive ,EMEA Masters,EMEA,117
Waia Snikt,WS,52,69.6216826651609,54.0,60.0,75.64439768542871,72.35772357723576,53.00726537338028,W,282.09,Waia Snikt,North Regional League,LATIN AMERICA NORTH,118
Nord Esports,NORD,56,66.12083568605308,54.0,59.0,70.541820094687,65.2439024390244,39.63748033855142,N,278.78,Nord Esports,NLC,EMEA,119
Descuydado Aucas Esports,DSC,51,43.42179559570864,49.0,59.0,61.230931088900576,60.56910569105691,40.65613062691933,D,277.99,Descuydado Aucas Esports,North Regional League,LATIN AMERICA NORTH,120
Verdant,VER,54,54.488989271597966,61.0,56.00000000000001,67.859021567596,76.21951219512195,48.23608718448056,V,277.94,Verdant,NLC,EMEA,121
Peek Gaming,PK,57,54.206662902315074,40.0,51.0,56.286165176223044,70.32520325203252,43.742041794622125,P,277.42,Peek Gaming,North Regional League,LATIN AMERICA NORTH,122
Dignitas,DIG,44,31.564088085827212,25.0,32.0,39.505523408732245,44.71544715447155,62.130177514792905,D,275.62,Dignitas,LCS,NORTH AMERICA,123
NASR ESPORTS,NASR,48,53.41614906832298,50.0,48.0,54.02419779063651,66.05691056910568,63.30611939180586,N,274.55,NASR ESPORTS,EMEA Masters,EMEA,124
Cloud9 Challengers,C9,48,63.18464144551101,77.0,75.0,90.84692267227774,85.97560975609757,52.67021196914088,C,273.98,Cloud9 Challengers,LCS Challengers,NORTH AMERICA,125
FlyQuest,FLY,48,44.21230942970073,52.0,52.0,62.38821672803787,71.54471544715446,62.51217137293086,F,269.8,FlyQuest,Worlds,INTERNATIONAL,126
Karmine Corp,KC,50,58.94974590626764,50.0,62.0,68.96370331404525,71.7479674796748,46.123885851247096,K,269.56,Karmine Corp,La Ligue Française,EMEA,127
Crest Gaming Act,CGA,53,29.64426877470356,30.0,32.0,36.82272488164124,53.45528455284553,49.22477717024941,C,267.31,Crest Gaming Act,LJL,JAPAN,128
Eintracht Spandau,EINS,46,46.13212874082439,59.0,59.0,71.22567069963178,77.03252032520325,58.81956407759718,E,266.97,Eintracht Spandau,Prime League,EMEA,129
Team Heretics,TH,43,54.37605872388481,42.0,44.0,54.813256180957396,76.82926829268293,65.14867800164782,T,266.86,Team Heretics,LEC,EMEA,130
Team Ambition,TA,46,64.53980801806888,52.0,56.99999999999999,65.70226196738558,63.00813008130082,33.84016178563404,T,266.02,Team Ambition,LCS Challengers Qualifiers,NORTH AMERICA,131
Mousesports,MOUZ,48,50.2540937323546,60.0,48.0,59.96843766438717,74.1869918699187,43.4124784660325,M,265.78,Mousesports,Prime League,EMEA,132
Los Grandes Academy,LOS,51,49.294184076792774,47.0,45.0,51.23619147816938,58.536585365853654,69.6951539210546,L,265.16,Los Grandes Academy,CBLOL Academy,BRAZIL,133
Globant Emerald Team,GET,43,49.35064935064935,49.0,47.0,58.1273014203051,68.90243902439023,62.51966144858062,G,264.8,Globant Emerald Team,South Regional League,LATIN AMERICA SOUTH,134
Cyber Wolves Esports,CWE,48,60.70016939582157,54.0,57.99999999999999,70.12098895318253,77.03252032520325,39.734851321998356,C,263.89,Cyber Wolves Esports,Esports Balkan League,EMEA,135
SBTC ESPORTS,SE,56,50.19762845849802,41.0,54.0,62.17780115728564,53.65853658536586,57.86832447007716,S,263.88,SBTC ESPORTS,VCS,VIETNAM,136
INTZ Academy,ITZ,51,43.5347261434218,47.0,49.0,61.230931088900576,65.2439024390244,51.98112500936259,I,263.09,INTZ Academy,CBLOL Academy,BRAZIL,137
Team 7AM,7AM,54,66.40316205533597,56.00000000000001,59.0,71.80431351920042,63.41463414634146,31.78788105759869,T,259.41,Team 7AM,Elite Series,EMEA,138
RED Academy,RED,46,51.5527950310559,56.99999999999999,46.0,59.17937927406628,71.7479674796748,68.0023968242079,R,258.57,RED Academy,CBLOL Academy,BRAZIL,139
Spectacled Bears,SB,47,51.5527950310559,47.0,49.0,55.602314571278264,62.19512195121951,43.58475020597707,S,257.85,Spectacled Bears,South Regional League,LATIN AMERICA SOUTH,140
Eclipse Gaming,ECG,47,63.80575945793338,51.0,51.0,60.75749605470805,74.1869918699187,54.00344543479888,E,257.66,Eclipse Gaming,South Regional League,LATIN AMERICA SOUTH,141
KOI,KOI,51,37.210615471485035,31.0,41.0,48.658600736454495,42.886178861788615,55.905924649838965,K,255.61,KOI,Worlds,INTERNATIONAL,142
Saprissa Esports,SAP,43,64.76566911349519,63.0,79.0,89.05839032088375,77.84552845528455,53.59898134971163,S,255.49,Saprissa Esports,North Regional League,LATIN AMERICA NORTH,143
Pirate Dream,PD,42,63.18464144551101,67.0,60.0,70.59442398737507,74.1869918699187,48.41584900007491,P,255.2,Pirate Dream,North Regional League,LATIN AMERICA NORTH,144
Bandits Gaming,BAN,39,53.30321852060982,69.0,72.0,76.22304050499736,82.11382113821138,58.25780840386487,B,252.9,Bandits Gaming,North Regional League,LATIN AMERICA NORTH,145
Liberty Academy,LBR,46,52.79503105590062,43.0,48.0,52.13045765386638,65.2439024390244,64.72923376526103,L,248.89,Liberty Academy,CBLOL Academy,BRAZIL,146
Vitality.Bee,VITB,44,43.64765669113495,45.0,50.0,57.91688584955287,66.05691056910568,48.865253539060745,V,247.08,Vitality.Bee,La Ligue Française,EMEA,147
FURIA Academy,FUR,45,46.922642574816486,47.0,42.0,50.341925302472376,62.80487804878049,62.032806531345955,F,246.64,FURIA Academy,CBLOL Academy,BRAZIL,148
Winthrop University,WU,41,69.67814793901749,49.0,56.00000000000001,66.64913203577065,60.16260162601627,33.510598457044416,W,246.42,Winthrop University,LCS Challengers Qualifiers,NORTH AMERICA,149
Schalke 04 Esports,S04,44,46.470920383963865,55.00000000000001,52.0,54.2872172540768,65.65040650406505,61.02164631862781,S,245.9,Schalke 04 Esports,Prime League,EMEA,150
Team Vitality,VIT,45,47.43083003952569,47.0,47.0,57.07522356654393,63.41463414634146,58.40760991686017,T,245.34,Team Vitality,LEC,EMEA,151
Furious Gaming,FG,42,54.82778091473743,56.99999999999999,52.0,62.5986322987901,61.78861788617886,55.920904801138484,F,244.57,Furious Gaming,South Regional League,LATIN AMERICA SOUTH,152
Nativz,NTZ,44,45.059288537549406,39.0,48.0,52.498684902682804,54.0650406504065,46.37854842333908,N,240.72,Nativz,NLC,EMEA,153
Rebels,RBLS,44,48.27780914737437,48.0,55.00000000000001,60.28406102051552,72.15447154471545,56.25046812972809,R,238.48,Rebels,SuperLiga,EMEA,154
Osaka,OSK,37,45.17221908526256,35.0,24.0,34.35034192530247,50.20325203252033,50.99243502359374,O,236.2,Osaka,North Regional League,LATIN AMERICA NORTH,155
Giants,GIA,45,42.17955957086392,49.0,51.0,60.23145712782746,77.43902439024389,48.33345816792749,G,236.1,Giants,SuperLiga,EMEA,156
FLUXO Academy,FX,41,50.81874647092038,51.0,46.0,53.44555497106786,70.1219512195122,58.51996105160661,F,235.66,FLUXO Academy,CBLOL Academy,BRAZIL,157
Dignitas Challengers,DIG,45,49.91530208921513,57.99999999999999,71.0,81.06259863229879,65.2439024390244,38.169425511197666,D,234.73,Dignitas Challengers,LCS Challengers,NORTH AMERICA,158
Maturalni Forsaken,MFSK,47,54.658385093167695,51.0,51.0,55.81273014203051,68.29268292682927,39.88465283499363,M,232.67,Maturalni Forsaken,Ultraliga,EMEA,159
Anubis Gaming,ANB,35,68.54884246188594,49.0,60.0,66.17569700157813,74.79674796747967,42.611040371507755,A,231.78,Anubis Gaming,Arabian League,EMEA,160
Tomorrow Esports,TMR,44,50.931677018633536,48.0,41.0,53.81378221988427,55.894308943089435,63.740543779492164,T,231.23,Tomorrow Esports,North Regional League,LATIN AMERICA NORTH,161
Astralis,AST,42,39.41276115189159,40.0,40.0,51.60441872698579,56.30081300813008,52.08598606845928,A,230.58,Astralis,LEC,EMEA,162
Janus Esports,JNS,32,46.24505928853754,50.0,44.0,53.55076275644398,61.58536585365854,59.351359448730435,J,227.11,Janus Esports,North Regional League,LATIN AMERICA NORTH,163
Barça Esports,BAR,44,47.09203839638622,50.0,55.00000000000001,64.96580746975276,58.739837398373986,51.486780016478164,B,226.58,Barça Esports,SuperLiga,EMEA,164
Golden Guardians Challengers,GG,41,58.55448898927159,59.0,59.0,66.38611257233035,75.40650406504065,25.69095947869074,G,225.55,Golden Guardians Challengers,LCS Challengers,NORTH AMERICA,165
Illuminar Gaming,IHG,43,44.49463579898363,47.0,44.0,56.286165176223044,61.38211382113822,47.47209946820462,I,225.23,Illuminar Gaming,Ultraliga,EMEA,166
Solary,SLY,42,41.55844155844156,43.0,50.0,57.96948974224093,67.07317073170731,48.310987940978194,S,223.04,Solary,La Ligue Française,EMEA,167
Nigma Galaxy,NGX,38,72.04968944099379,55.00000000000001,63.0,72.69857969489742,55.894308943089435,43.11287544004194,N,222.12,Nigma Galaxy,Arabian League,EMEA,168
Anc Outplayed,OP,47,64.53980801806888,40.0,51.0,56.18095739084693,66.46341463414633,40.221706239233015,A,221.33,Anc Outplayed,PG Nationals,EMEA,169
J Team,JT,42,44.60756634669678,60.0,55.00000000000001,63.703314045239345,57.3170731707317,49.0599955059546,J,220.62,J Team,PCS,"HONG KONG, MACAU, TAIWAN",170
Team BDS Academy,BDSA,42,41.78430265386787,48.0,43.0,54.60284061020515,63.61788617886178,47.03767508051831,T,220.62,Team BDS Academy,La Ligue Française,EMEA,171
FnaticTQ,FNTQ,42,53.75494071146245,36.0,48.0,54.23461336138874,67.47967479674799,40.78346191296532,F,219.56,FnaticTQ,SuperLiga,EMEA,172
Malvinas Rise,MVG,38,51.10107284020328,39.0,50.0,58.81115202524987,65.44715447154472,40.78346191296532,M,219.28,Malvinas Rise,South Regional League,LATIN AMERICA SOUTH,173
Dynamo Eclot,DNE,40,72.10615471485036,56.99999999999999,56.99999999999999,69.75276170436612,75.60975609756098,41.84705265523181,D,218.97,Dynamo Eclot,Hitpoint Masters,EMEA,174
Dire Wolves,DW,40,58.27216261998871,50.0,53.0,65.8074697527617,58.333333333333336,48.77537263126357,D,218.73,Dire Wolves,LCO,OCEANIA,175
GameWard,GW,40,31.73348390739695,38.0,42.0,51.60441872698579,69.51219512195121,55.35165905175642,G,215.33,GameWard,La Ligue Française,EMEA,176
Geekay Esports,GK,36,73.74364765669112,61.0,64.0,69.9105733824303,78.45528455284554,53.91356452700173,G,215.27,Geekay Esports,Arabian League,EMEA,177
LOUD Academy,LLL,35,48.72953133822699,40.0,46.0,54.182009468700684,68.90243902439023,58.91693506104411,L,212.96,LOUD Academy,CBLOL Academy,BRAZIL,178
Royal Never Give Up,RNG,44,49.40711462450593,45.0,52.0,66.12309310889005,67.88617886178862,66.99872668713954,R,212.42,Royal Never Give Up,Worlds,INTERNATIONAL,179
Eintracht Frankfurt,SGE,36,51.27046866177301,28.000000000000004,28.000000000000004,41.451867438190426,64.43089430894308,63.568272039547594,E,211.67,Eintracht Frankfurt,Prime League,EMEA,180
BRUTE,BRT,44,45.28514963297571,45.0,41.0,44.13466596528143,54.87804878048781,37.54774923226725,B,211.24,BRUTE,Hitpoint Masters,EMEA,181
TSM Challengers,TSM,37,51.72219085262564,38.0,43.0,55.97054182009469,60.56910569105691,40.25915661748183,T,209.33,TSM Challengers,LCS Challengers,NORTH AMERICA,182
KaBuM! Esports,KBM,36,39.356295878035006,31.0,22.0,33.666491320357714,51.42276422764227,76.82570593962997,K,208.25,KaBuM! Esports,CBLOL,BRAZIL,183
V3 Esports,V3,49,15.18915866741954,14.000000000000002,8.0,18.411362440820625,21.34146341463415,40.97820387985919,V,207.7,V3 Esports,Worlds,INTERNATIONAL,184
Impunity Esports,IMP,52,38.848108413325804,40.0,40.0,47.2382956338769,48.78048780487805,43.36753801213392,I,207.5,Impunity Esports,PCS,"HONG KONG, MACAU, TAIWAN",185
Immortals Progressive Challengers,IMT,37,58.15923207227554,46.0,49.0,59.96843766438717,56.707317073170735,39.772301700247176,I,205.76,Immortals Progressive Challengers,LCS Challengers,NORTH AMERICA,186
Meta Gaming,MG,36,55.84415584415584,33.0,47.0,55.181483429773806,62.19512195121951,49.569320650138565,M,204.86,Meta Gaming,South Regional League,LATIN AMERICA SOUTH,187
RAAD,RAAD,35,70.52512704686616,56.99999999999999,54.0,66.33350867964229,68.90243902439023,52.83499363343569,R,202.79,RAAD,Arabian League,EMEA,188
FTW Esports,FTW,40,49.011857707509876,56.99999999999999,53.0,66.85954760652288,60.56910569105691,44.026664669313156,F,201.83,FTW Esports,Liga Portuguesa,EMEA,189
Beşiktaş,BJK,37,41.33258046301525,54.0,38.0,53.70857443450815,69.3089430894309,45.786832447007704,B,196.35,Beşiktaş,TCL,EMEA,190
UCAM,UCAM,36,38.45285149632976,42.0,33.0,44.502893214097845,58.739837398373986,39.85469253239457,U,195.89,UCAM,SuperLiga,EMEA,191
Komil&Friends,KNF,36,43.92998306041784,28.000000000000004,19.0,32.08837453971594,48.577235772357724,36.73133098644296,K,192.99,Komil&Friends,Ultraliga,EMEA,192
IZIDREAM,IZI,36,28.684359119141728,31.0,25.0,34.56075749605471,52.4390243902439,45.404838588869744,I,192.29,IZIDREAM,La Ligue Française,EMEA,193
Dark Passage,DP,38,44.88989271597967,42.0,45.0,50.23671751709627,54.268292682926834,47.172496442214076,D,189.74,Dark Passage,TCL,EMEA,194
GamerLegion,GL,35,41.163184641445504,37.0,31.0,42.13571804313519,53.25203252032521,47.56947045165157,G,189.68,GamerLegion,Prime League,EMEA,195
Grypciocraft Esports,GRP,44,56.74760022586109,43.0,45.0,58.1273014203051,59.959349593495936,34.1397648116246,G,185.31,Grypciocraft Esports,Ultraliga,EMEA,196
Mirage Alliance,MIR,27,73.40485601355167,70.0,74.0,82.53550762756444,69.91869918699189,35.97483334581678,M,183.76,Mirage Alliance,LCS Challengers Qualifiers,NORTH AMERICA,197
Crvena Zvezda Esports,CZV,32,46.07566346696782,59.0,47.0,63.07206733298264,74.39024390243902,46.902853718822556,C,183.08,Crvena Zvezda Esports,Esports Balkan League,EMEA,198
E WIE EINFACH E-SPORTS,EWI,36,32.298136645962735,25.0,33.0,39.558127301420306,52.03252032520326,28.432327166504383,E,178.4,E WIE EINFACH E-SPORTS,Prime League,EMEA,199
Pentanet.GG,PGG,33,61.94240542066629,48.0,52.0,62.17780115728564,56.91056910569105,47.6443712081492,P,178.29,Pentanet.GG,MSI,INTERNATIONAL,200
Topo Centras Iron Wolves,WOLF,39,47.48729531338227,36.0,41.0,49.815886375591795,56.09756097560975,33.42820762489701,T,177.88,Topo Centras Iron Wolves,Ultraliga,EMEA,201
SINNERS Esports,SIN,32,70.92038396386221,56.00000000000001,50.0,67.33298264071541,62.19512195121951,40.25166654183208,S,177.46,SINNERS Esports,Hitpoint Masters,EMEA,202
CLG,CLG,26,39.52569169960474,46.0,42.0,52.498684902682804,66.869918699187,65.14867800164782,C,175.95,CLG,LCS,NORTH AMERICA,203
Guasones,GSNS,36,38.904573687182385,39.0,17.0,33.666491320357714,41.86991869918699,50.50558010635907,G,175.62,Guasones,SuperLiga,EMEA,204
Team Phantasma,TP,39,46.35798983625071,54.0,44.0,55.07627564439769,69.10569105691057,37.173245449779046,T,173.77,Team Phantasma,Greek Legends League,EMEA,205
EXEED,EXD,36,45.511010728402034,44.0,36.0,45.23934771173067,62.19512195121951,35.607819638978356,E,172.01,EXEED,Ultraliga,EMEA,206
Lit Esports,LIT,31,57.19932241671373,42.0,52.0,56.075749605470804,47.764227642276424,22.844730731780388,L,171.54,Lit Esports,LCS Challengers Qualifiers,NORTH AMERICA,207
Odivelas Sports Club,OSC,35,49.06832298136645,46.0,46.0,54.76065228826933,67.27642276422763,42.56609991760917,O,170.83,Odivelas Sports Club,Liga Portuguesa,EMEA,208
Hell Pigs,HPS,35,33.879164313946916,43.0,37.0,39.87375065754866,53.86178861788618,40.70107108081791,H,170.26,Hell Pigs,PCS,"HONG KONG, MACAU, TAIWAN",209
CCG Esports,CCG,27,62.95878035008469,33.0,44.0,57.60126249342451,56.30081300813008,44.7681821586398,C,169.26,CCG Esports,LCS Challengers Qualifiers,NORTH AMERICA,210
Immortals Progressive,IMT,36,26.990400903444378,25.0,25.0,30.615465544450295,40.04065040650407,60.197737997153766,I,168.89,Immortals Progressive,LCS,NORTH AMERICA,211
Team Aze,AZE,32,30.88650479954828,19.0,22.0,28.56391372961599,46.951219512195124,61.366189798516956,T,166.88,Team Aze,MSI,INTERNATIONAL,212
EBRO,EBG,31,36.984754376058724,48.0,39.0,42.87217254076802,54.87804878048781,49.12740618680248,E,165.29,EBRO,South Regional League,LATIN AMERICA SOUTH,213
Gamespace Mediterranean College Esports,GSMC,34,51.49632975719931,53.0,41.0,58.022093634928986,60.16260162601627,35.41307767208448,G,164.0,Gamespace Mediterranean College Esports,Greek Legends League,EMEA,214
NNO Prime,NNO,36,21.174477696216826,28.000000000000004,17.0,33.56128353498159,45.73170731707317,48.340948243577245,N,163.94,NNO Prime,Prime League,EMEA,215
Leviatán Esports,LEV,32,31.05590062111801,34.0,19.0,34.82377695949501,45.73170731707317,50.0187251891244,L,162.9,Leviatán Esports,LLA,LATIN AMERICA,216
Ruddy Esports,RUD,35,57.59457933370976,54.0,56.99999999999999,65.75486586007364,74.1869918699187,38.30424687289341,R,161.68,Ruddy Esports,NLC,EMEA,217
BWE Esports,BWE,32,41.84076792772445,38.0,47.0,50.762756443976855,54.0650406504065,41.075574863306116,B,161.46,BWE Esports,Liga Portuguesa,EMEA,218
Cyberground Gaming,CGG,32,64.93506493506493,47.0,41.0,48.290373487638085,53.45528455284553,29.046513369785032,C,158.29,Cyberground Gaming,PG Nationals,EMEA,219
Dewish Team,DWT,36,25.86109542631282,19.0,11.0,19.20042083114151,31.70731707317073,30.342296457194216,D,157.78,Dewish Team,PCS,"HONG KONG, MACAU, TAIWAN",220
ZennIT,ZNT,34,57.82044042913608,32.0,47.0,48.9216201998948,61.17886178861788,31.121264324769683,Z,157.08,ZennIT,Elite Series,EMEA,221
CLG Challengers,CLG,38,56.74760022586109,57.99999999999999,61.0,76.80168332456601,77.23577235772358,56.60999176091679,C,155.87,CLG Challengers,LCS Challengers,NORTH AMERICA,222
MAMMOTH,MEC,32,46.41445511010728,41.0,41.0,48.1325618095739,45.73170731707317,40.723541307767206,M,155.73,MAMMOTH,LCO,OCEANIA,223
Team ESCA Gaming,ESCA,36,41.897233201581024,42.0,31.0,39.558127301420306,51.42276422764227,31.241105535165907,T,153.59,Team ESCA Gaming,Ultraliga,EMEA,224
West Point Esports,WP,36,35.742518351214,25.0,28.000000000000004,30.931088900578647,44.105691056910565,45.98906448955134,W,152.88,West Point Esports,PCS,"HONG KONG, MACAU, TAIWAN",225
All Knights,AK,34,24.054206662902313,28.999999999999996,28.999999999999996,33.2982640715413,42.073170731707314,40.23668639053254,A,152.42,All Knights,LLA,LATIN AMERICA,226
Atleta Esport,ATE,21,69.39582156973461,56.99999999999999,62.0,75.48658600736454,88.41463414634146,44.59591041869522,A,152.09,Atleta Esport,PG Nationals,EMEA,227
FL Academy,FL,21,65.33032185206098,38.0,52.0,65.75486586007364,66.05691056910568,43.03048460789455,F,151.88,FL Academy,LJL Academy,JAPAN,228
LGD GAMING,LGD,37,36.024844720496894,41.0,27.0,41.34665965281431,51.829268292682926,63.965246048985094,L,147.54,LGD GAMING,Worlds,INTERNATIONAL,229
Panathinaikos Esports,PAO,32,46.41445511010728,34.0,44.0,45.97580220936349,45.73170731707317,29.256235487978426,P,147.03,Panathinaikos Esports,Greek Legends League,EMEA,230
Team Coachify,CFY,12,96.44268774703556,75.0,57.99999999999999,81.74644923724355,100.0,42.865702943599736,T,146.63,Team Coachify,LCS Challengers Qualifiers,NORTH AMERICA,231
Invictus Gaming,IG,36,45.96273291925466,36.0,36.0,43.0299842188322,61.58536585365854,55.32918882480713,I,142.12,Invictus Gaming,LPL,CHINA,232
Vanir,VNR,28,58.89328063241106,46.0,39.0,48.658600736454495,63.21138211382114,39.435248296007785,V,141.89,Vanir,NLC,EMEA,233
mCon esports,MCON,28,39.52569169960474,50.0,36.0,48.658600736454495,60.16260162601627,45.644521009662185,M,141.17,mCon esports,Elite Series,EMEA,234
SHG Academy,SHG,27,71.08977978543194,63.0,81.0,89.16359810625987,65.2439024390244,37.50280877836866,S,140.69,SHG Academy,LJL Academy,JAPAN,235
Valiance PRO GAME,VPG,28,43.139469226425746,28.999999999999996,36.0,44.502893214097845,50.81300813008131,31.945172646243726,V,139.43,Valiance PRO GAME,Esports Balkan League,EMEA,236
HEET,HEET,32,47.656691134952,44.0,50.0,53.235139400315624,60.365853658536594,20.807430155044564,H,138.63,HEET,Elite Series,EMEA,237
Team Tony Top,TONY,32,53.64201016374929,56.00000000000001,66.0,71.48869016307206,75.60975609756098,48.98509474945696,T,137.78,Team Tony Top,LCS Challengers Qualifiers,NORTH AMERICA,238
V3 Academy,V3,28,46.35798983625071,50.0,56.99999999999999,65.176223040505,57.3170731707317,39.7048910193993,V,137.21,V3 Academy,LJL Academy,JAPAN,239
Vipers,VIPS,29,55.27950310559005,45.0,52.0,62.966859547606525,70.32520325203252,40.95573365290989,V,136.91,Vipers,,,240
Team Liquid Honda First,TLF,42,32.12874082439299,17.0,21.0,27.30142030510258,39.83739837398374,20.3430454647592,T,136.22,Team Liquid Honda First,LCS Challengers Qualifiers,NORTH AMERICA,241
Spirituals,STS,27,51.43986448334273,48.0,41.0,53.34034718569174,49.59349593495935,24.462587072129434,S,134.0,Spirituals,,,242
FunPlus Phoenix,FPX,37,32.185206098249566,32.0,43.0,49.44765912677538,50.609756097560975,58.43757021945921,F,133.78,FunPlus Phoenix,Worlds,INTERNATIONAL,243
EGN Esports,EGN,28,41.727837380011294,46.0,43.0,51.65702261967385,57.3170731707317,44.76069208299005,E,133.53,EGN Esports,Liga Portuguesa,EMEA,244
Domino Esports,DMN,29,48.89892715979672,31.0,31.0,39.03208837453972,49.1869918699187,21.504007190472628,D,132.73,Domino Esports,NLC,EMEA,245
100 Thieves Challengers,100,40,50.81874647092038,56.99999999999999,60.0,68.06943713834825,60.56910569105691,28.672009587296827,#,131.86,100 Thieves Challengers,LCS Challengers,NORTH AMERICA,246
Zylant Esports,ZLT,25,86.27893845285149,76.0,84.0,100.0,97.76422764227641,34.75395101490525,Z,131.78,Zylant Esports,,,247
GALAKTICOS,GAL,27,26.53867871259175,33.0,30.0,41.451867438190426,50.20325203252033,37.69755074526253,G,129.76,GALAKTICOS,TCL,EMEA,248
Ankora Gaming,ANK,28,27.216261998870696,28.999999999999996,25.0,27.617043661230934,42.073170731707314,22.79979027788181,A,129.1,Ankora Gaming,Esports Balkan League,EMEA,249
Axolotl Esports,AXL,32,53.30321852060982,44.0,44.0,51.709626512361915,56.50406504065041,23.773500112351137,A,128.21,Axolotl Esports,PG Nationals,EMEA,250
SG Academy,SG,23,69.73461321287408,78.0,74.0,85.95476065228826,78.45528455284554,44.52100966219758,S,127.56,SG Academy,LJL Academy,JAPAN,251
Eternal Fire,EF,22,49.294184076792774,45.0,45.0,59.44239873750657,65.04065040650407,49.119916111152726,E,126.48,Eternal Fire,TCL,EMEA,252
Pentagon Rejects,PTR,28,46.35798983625071,43.0,32.0,38.50604944765912,60.16260162601627,30.312336154595155,P,125.91,Pentagon Rejects,Greek Legends League,EMEA,253
DREN Esports,DREN,28,35.91191417278373,32.0,28.999999999999996,36.98053655970542,34.146341463414636,30.58197887798667,D,125.62,DREN Esports,PG Nationals,EMEA,254
webidoo Gaming,WBD,14,49.18125352907962,43.0,28.999999999999996,36.82272488164124,58.739837398373986,32.289716126132866,W,124.42,webidoo Gaming,PG Nationals,EMEA,255
FLY FAM,FLYF,36,28.06324110671937,25.0,14.000000000000002,24.4608100999474,38.41463414634146,23.41397648116246,F,123.57,FLY FAM,LCS Challengers Qualifiers,NORTH AMERICA,256
Riddle Esports,RDL,28,57.48164878599661,68.0,71.0,77.16991057338242,77.03252032520325,41.86952288218111,R,122.82,Riddle Esports,NLC,EMEA,257
Mad Kings,MKE,22,63.63636363636363,59.0,55.00000000000001,70.22619673855866,83.53658536585367,42.28147704291814,M,121.7,Mad Kings,,,258
CGA  Academy,CGA,23,54.037267080745345,39.0,48.0,52.55128879537085,54.47154471544716,46.902853718822556,C,121.54,CGA  Academy,LJL Academy,JAPAN,259
MAGAZA,MGZ,28,39.13043478260869,43.0,36.0,46.55444502893214,58.13008130081301,31.091304022170625,M,121.52,MAGAZA,Esports Balkan League,EMEA,260
Undead BK,UBK,27,28.853754940711458,19.0,22.0,30.51025775907417,41.26016260162601,46.183806456445204,U,120.68,Undead BK,South Regional League,LATIN AMERICA SOUTH,261
SAMPI,SMP,27,52.06098249576511,41.0,37.0,42.609153077327726,47.15447154471544,9.677177739495168,S,118.96,SAMPI,Hitpoint Masters,EMEA,262
Cryptova,OVA,28,29.64426877470356,32.0,28.999999999999996,36.61230931088901,51.6260162601626,26.29765560632162,C,117.69,Cryptova,Hitpoint Masters,EMEA,263
Zeus Kralik,Z5K,29,70.07340485601354,69.0,72.0,72.75118358758549,77.23577235772358,36.12463485881207,Z,117.46,Zeus Kralik,,,264
Wild Panthers Esports,WPE,28,45.79333709768492,32.0,36.0,42.45134139926354,45.73170731707317,40.71605123211744,W,115.47,Wild Panthers Esports,Greek Legends League,EMEA,265
Northern Lions Esports,NLE,28,48.78599661208357,28.999999999999996,28.999999999999996,33.035244608101,58.739837398373986,26.80698075050558,N,114.75,Northern Lions Esports,Elite Series,EMEA,266
GeekSide Esports,GSE,24,51.77865612648221,46.0,54.0,55.23408732246185,62.60162601626017,23.114373455171894,G,114.11,GeekSide Esports,,,267
Hell Zerolag Esports,HELL,28,37.09768492377188,36.0,28.999999999999996,40.18937401367701,44.3089430894309,17.818889970788707,H,113.77,Hell Zerolag Esports,Greek Legends League,EMEA,268
UniQ Esports,UNIQ,29,35.798983625070576,28.000000000000004,24.0,34.29773803261441,48.577235772357724,28.117743989214294,U,111.99,UniQ Esports,NLC,EMEA,269
Universitario Esports,UE,22,49.011857707509876,32.0,36.0,46.764860599684376,60.56910569105691,29.84795146430979,U,111.77,Universitario Esports,,,270
Inside Games,ING,28,36.47656691134952,21.0,14.000000000000002,20.831141504471333,22.560975609756103,18.118492996779274,I,110.39,Inside Games,Hitpoint Masters,EMEA,271
GNG Esports,GNG,21,66.12083568605308,33.0,33.0,47.711730668069436,55.487804878048784,50.303348063815434,G,107.27,GNG Esports,Arabian League,EMEA,272
DFM Academy,DFM,20,50.53642010163749,30.0,35.0,37.664387164650186,43.699186991869915,40.78346191296532,D,106.56,DFM Academy,LJL Academy,JAPAN,273
Boavista F.C,BFC,28,29.249011857707508,14.000000000000002,11.0,15.36033666491321,29.06504065040651,15.092502434274587,B,106.23,Boavista F.C,Liga Portuguesa,EMEA,274
A One Man Army,AOMA,18,61.49068322981367,39.0,50.0,58.390320883745396,69.51219512195121,46.198786607744736,A,106.1,A One Man Army,Elite Series,EMEA,275
Goskilla,GSK,7,81.47939017504234,86.0,86.0,91.26775381378222,97.96747967479675,39.35285746386039,G,105.36,Goskilla,Ultraliga,EMEA,276
SPIKE Syndicate,SPK,17,55.448898927159796,47.0,53.0,69.48974224092582,73.17073170731707,40.528799340873334,S,104.29,SPIKE Syndicate,Esports Balkan League,EMEA,277
Kanga Esports,KNG,27,26.14342179559571,19.0,19.0,22.935297211993692,20.121951219512198,13.257433900082392,K,103.66,Kanga Esports,LCO,OCEANIA,278
Incubus,INC,22,69.79107848673065,55.00000000000001,68.0,77.64334560757497,69.71544715447155,43.472399071230605,I,103.29,Incubus,LLA,LATIN AMERICA,279
Apex Mission Impossible,AMI,19,54.37605872388481,42.0,47.0,51.23619147816938,70.32520325203252,29.391056849674186,A,102.54,Apex Mission Impossible,LCS Challengers Qualifiers,NORTH AMERICA,280
AXZ Academy,AXZ,21,34.669678147939024,28.999999999999996,14.000000000000002,32.667017359284586,48.577235772357724,26.013032731630588,A,101.28,AXZ Academy,LJL Academy,JAPAN,281
Ground Zero,GZ,24,33.879164313946916,21.0,25.0,30.66806943713835,39.02439024390244,15.901430604449104,G,100.78,Ground Zero,LCO,OCEANIA,282
3BL Esports,3BL,17,47.48729531338227,28.999999999999996,24.0,30.82588111520253,46.951219512195124,50.303348063815434,#,99.14,3BL Esports,Arabian League,EMEA,283
Komodo,KMD,12,57.42518351214003,33.0,33.0,48.02735402419779,42.27642276422765,17.586697625646018,K,98.73,Komodo,LCS Challengers Qualifiers,NORTH AMERICA,284
Red Eyes Esports,RDY,20,59.00621118012421,40.0,45.0,59.23198316675434,57.92682926829269,28.46228746910343,R,98.58,Red Eyes Esports,,,285
19 Esports,19,27,69.4522868435912,56.00000000000001,63.0,77.48553392951078,59.959349593495936,31.450827653359305,#,98.28,19 Esports,,,286
BC Academy,BC,21,45.73687182382834,28.999999999999996,24.0,29.14255654918464,45.73170731707317,29.12141412628268,B,95.91,BC Academy,LJL Academy,JAPAN,287
Vertex ESC,VTX,19,38.339920948616594,37.0,26.0,32.08837453971594,41.463414634146346,29.11392405063291,V,94.15,Vertex ESC,LCO,OCEANIA,288
Team Mayan eSports,MYN,24,51.77865612648221,38.0,46.0,51.97264597580221,44.918699186991866,27.23391506254213,T,92.9,Team Mayan eSports,,,289
Ramo Awake Gaming,AWK,21,55.90062111801242,33.0,38.0,47.922146238821675,42.886178861788615,32.402067260879335,R,91.47,Ramo Awake Gaming,,,290
The Last Dance,LAST,40,11.01072840203275,10.0,7.000000000000001,11.467648605996851,20.731707317073173,11.699498164931468,T,89.44,The Last Dance,LCS Challengers Qualifiers,NORTH AMERICA,291
Aguilas Doradas,AD,21,36.81535855448899,24.0,24.0,32.93003682272489,29.268292682926827,15.317204703767509,A,87.3,Aguilas Doradas,,,292
Fox Gaming,FOX,17,46.80971202710332,41.0,41.0,49.39505523408732,56.50406504065041,40.48385888697476,F,87.23,Fox Gaming,Arabian League,EMEA,293
Triple Esports,TE,20,41.50197628458498,40.0,25.0,34.50815360336665,41.666666666666664,42.91813347314808,T,87.14,Triple Esports,Arabian League,EMEA,294
Genbu Gaming,GNGG,19,41.33258046301525,37.0,26.0,29.61599158337717,50.0,28.40985693955509,G,86.55,Genbu Gaming,,,295
Maze Gaming,MAZ,18,57.086391869000565,44.0,50.0,51.39400315623356,64.83739837398373,36.29690659875665,M,86.52,Maze Gaming,,,296
Polar Squad,PLS,20,70.86391869000565,30.0,45.0,48.711204629142564,56.91056910569105,10.59845704441615,P,85.08,Polar Squad,,,297
The Agency,AGC,22,63.410502540937316,64.0,55.00000000000001,66.12309310889005,70.73170731707317,30.52954834843832,T,82.71,The Agency,Elite Series,EMEA,298
Macro Pampas,PAM,21,55.90062111801242,71.0,86.0,93.52972119936875,96.13821138211384,33.54055875964347,M,82.04,Macro Pampas,,,299
Diamond Doves,DD,15,51.21400338791643,33.0,33.0,38.29563387690689,41.666666666666664,42.7458617332035,D,76.65,Diamond Doves,,,300
Barcelona BG,BBG,16,38.114059853190284,31.0,31.0,44.18726985796948,44.51219512195122,29.226275185379375,B,72.39,Barcelona BG,,,301
Antares Esports,ANT,19,23.207227555053638,32.0,26.0,28.248290373487638,31.910569105691057,35.742641000674105,A,72.02,Antares Esports,,,302
Fourth Wall,4W,14,54.82778091473743,43.0,36.0,42.08311415044713,44.3089430894309,35.77260130327316,F,70.03,Fourth Wall,NLC,EMEA,303
Aethernum Esports,AET,16,30.71710897797854,12.0,6.0,13.940031562335614,35.56910569105691,18.560407460115343,A,69.36,Aethernum Esports,,,304
Aporia,APR,8,43.76058723884811,25.0,0.0,10.310362966859552,45.73170731707317,21.27181484532994,A,68.69,Aporia,LCS Challengers Qualifiers,NORTH AMERICA,305
Myth Esports,MYTH,14,42.7442123094297,36.0,28.999999999999996,34.92898474487112,41.463414634146346,36.19953561530972,M,67.97,Myth Esports,Elite Series,EMEA,306
Keypulse Esports,KYP,14,36.307171089779786,28.999999999999996,28.999999999999996,42.08311415044713,57.3170731707317,32.184855067036175,K,67.5,Keypulse Esports,Liga Portuguesa,EMEA,307
Teamless Revenge,TRV,14,85.09316770186335,14.000000000000002,43.0,45.449763282482905,45.73170731707317,28.70945996554566,T,66.63,Teamless Revenge,LCS Challengers Qualifiers,NORTH AMERICA,308
Kelyx's Grandpa Gamers,OLD,14,64.53980801806888,36.0,43.0,50.341925302472376,50.0,28.657029435997305,K,64.94,Kelyx's Grandpa Gamers,LCS Challengers Qualifiers,NORTH AMERICA,309
Mezexis Esports,MZS,14,38.73517786561264,43.0,43.0,64.59758022093635,60.16260162601627,56.74481312261255,M,63.78,Mezexis Esports,,,310
River Plate Gaming,RIV,15,52.68210050818746,60.0,60.0,72.64597580220936,91.86991869918698,47.88405362894165,R,63.52,River Plate Gaming,,,311
Skull Cracker Clan,SKC,14,43.139469226425746,14.000000000000002,14.000000000000002,22.51446607048922,35.56910569105691,30.52954834843832,S,62.94,Skull Cracker Clan,,,312
Atheris Esports,ATH,19,53.81140598531903,57.99999999999999,47.0,50.394529195160445,55.28455284552846,43.15032581829077,A,62.71,Atheris Esports,,,313
Team E Turner,TET,7,100.0,71.0,71.0,83.7453971593898,74.79674796747967,12.178863006516368,T,59.53,Team E Turner,LCS Challengers Qualifiers,NORTH AMERICA,314
ENEMI3S,NM3,14,42.7442123094297,28.999999999999996,14.000000000000002,20.620725933719097,32.72357723577235,18.54542730881582,E,57.91,ENEMI3S,PG Nationals,EMEA,315
Native Gaming,N8V,15,64.76566911349519,60.0,60.0,69.12151499210941,70.1219512195122,36.25196614485806,N,56.17,Native Gaming,LCS Challengers Qualifiers,NORTH AMERICA,316
Miracle,MRC,14,49.18125352907962,64.0,43.0,55.602314571278264,61.78861788617886,43.21024642348887,M,53.71,Miracle,LCS Challengers Qualifiers,NORTH AMERICA,317
GGEsports,GGE,14,33.483907396950876,21.0,14.000000000000002,21.778011572856393,32.72357723577235,6.396524604898514,G,53.57,GGEsports,PG Nationals,EMEA,318
Gentle Hearts Gaming,GHG,8,69.1699604743083,38.0,50.0,53.07732772225145,43.292682926829265,14.995131450827659,G,51.4,Gentle Hearts Gaming,LCS Challengers Qualifiers,NORTH AMERICA,319
The Kings,TK,16,28.91022021456803,38.0,31.0,37.61178327196213,54.67479674796748,35.87746236236986,T,50.79,The Kings,LLA,LATIN AMERICA,320
Santiago Wanderers,SW,10,61.54714850367024,60.0,50.0,68.43766438716466,64.02439024390245,42.768331960152786,S,49.97,Santiago Wanderers,,,321
Boca Juniors Gaming,BOC,13,56.01355166572558,46.0,46.0,55.707522356654394,73.78048780487805,39.59253988465283,B,48.65,Boca Juniors Gaming,,,322
CB Gaming,CBG,12,65.38678712591755,42.0,33.0,40.13677012098895,60.97560975609756,28.51471799865179,C,48.36,CB Gaming,LCS Challengers Qualifiers,NORTH AMERICA,323
CB Gaming,CB,5,32.74985883681536,20.0,20.0,22.146238821672807,49.796747967479675,35.65276009287694,C,48.36,CB Gaming,LCS Challengers Qualifiers,NORTH AMERICA,324
Rock Bottom Esports,ROCK,14,64.93506493506493,56.99999999999999,50.0,61.599158337716986,66.05691056910568,35.45052805033331,R,48.03,Rock Bottom Esports,LCS Challengers Qualifiers,NORTH AMERICA,325
The Cheese Chasers,NPC,10,71.71089779785432,60.0,50.0,58.968963703314046,72.15447154471545,23.66863905325444,T,45.17,The Cheese Chasers,LCS Challengers Qualifiers,NORTH AMERICA,326
Varona Esports,VAE,14,33.08865047995482,14.000000000000002,21.0,22.146238821672807,31.300813008130085,16.725338925923158,V,45.03,Varona Esports,Liga Portuguesa,EMEA,327
Reven Esports,RVN,13,22.58610954263128,8.0,8.0,4.734350341925304,11.382113821138212,12.283724065613065,R,44.73,Reven Esports,,,328
Benelux United,BLX,13,33.03218520609825,38.0,31.0,34.29773803261441,48.78048780487805,14.995131450827659,B,43.7,Benelux United,Elite Series,EMEA,329
Zenigma,ZEN,13,61.264822134387344,38.0,38.0,48.44818516570226,63.00813008130082,30.027713279904127,Z,42.89,Zenigma,LCS Challengers Qualifiers,NORTH AMERICA,330
Rebirth Esports,RBT,10,19.76284584980237,20.0,20.0,28.984744871120466,35.56910569105691,41.045614560707065,R,42.21,Rebirth Esports,,,331
5 Ronin,5R,14,14.511575381140599,21.0,7.000000000000001,14.623882167280383,32.72357723577235,9.504905999550603,#,40.2,5 Ronin,TCL,EMEA,332
The Kings Moon,TKM,13,18.69000564652739,31.0,23.0,24.986849026827986,33.13008130081301,14.126282675455021,T,40.02,The Kings Moon,,,333
Maycam Evolve,EV,10,41.21964991530209,40.0,50.0,63.177275118358764,59.959349593495936,24.642348887723767,M,39.45,Maycam Evolve,,,334
War Legion Esports,WLE,10,33.879164313946916,20.0,20.0,27.406628090478698,39.63414634146341,26.664669313160065,W,38.87,War Legion Esports,,,335
Newell's Esports,NOB,10,20.32749858836815,20.0,0.0,14.781693845344556,25.406504065040654,22.39532619279455,N,37.8,Newell's Esports,,,336
Cruzados Esports,UC,12,39.97741389045737,67.0,50.0,50.65754865860074,54.268292682926834,47.73425211594638,C,37.77,Cruzados Esports,,,337
XtremeDominators,XD,14,12.93054771315641,14.000000000000002,0.0,0.0,9.34959349593496,4.793648415849003,X,36.02,XtremeDominators,Esports Balkan League,EMEA,338
University of St. Trevor,UST,10,67.75832862789383,50.0,50.0,67.91162546028406,78.2520325203252,37.60017976181559,U,34.62,University of St. Trevor,LCS Challengers Qualifiers,NORTH AMERICA,339
Conviction,CNV,9,57.70750988142292,22.0,22.0,26.249342451341402,47.96747967479675,24.02067260879335,C,29.44,Conviction,LCS Challengers Qualifiers,NORTH AMERICA,340
Newstar,N5R,7,33.879164313946916,28.999999999999996,28.999999999999996,49.18463966333509,74.79674796747967,64.93146580780464,N,28.59,Newstar,,,341
Vandals Esports,VAN,10,15.245623941276115,0.0,0.0,4.786954234613361,7.113821138211383,24.49254737472848,V,28.47,Vandals Esports,,,342
Return of the Middlesticks,ROTM,7,58.10276679841897,43.0,28.999999999999996,36.40189374013677,39.83739837398374,25.121713729308663,R,28.2,Return of the Middlesticks,LCS Challengers Qualifiers,NORTH AMERICA,343
Godel Gamers,GODL,8,50.81874647092038,38.0,50.0,52.39347711730669,55.894308943089435,31.383416972511423,G,26.47,Godel Gamers,LCS Challengers Qualifiers,NORTH AMERICA,344
Cold Hearted,COLD,2,47.99548277809147,50.0,50.0,64.22935297211994,45.73170731707317,67.33578009137892,C,23.41,Cold Hearted,LCS Challengers Qualifiers,NORTH AMERICA,345
Froggy Five,FROG,8,35.290796160361374,50.0,38.0,41.18884797475013,68.4959349593496,16.68788854767433,F,22.82,Froggy Five,LCS Challengers Qualifiers,NORTH AMERICA,346
Young Buffalos,YB,5,30.49124788255223,20.0,20.0,16.885849552866915,37.60162601626016,0.0,Y,20.03,Young Buffalos,LCS Challengers Qualifiers,NORTH AMERICA,347
Horizon Gaming,HZG,7,70.1863354037267,28.999999999999996,43.0,50.710152551288786,63.21138211382114,25.121713729308663,H,19.46,Horizon Gaming,LCS Challengers Qualifiers,NORTH AMERICA,348
Blue Otter,BOL,4,14.11631846414455,25.0,0.0,15.570752235665442,25.406504065040654,12.65822784810127,B,13.92,Blue Otter,LCS Challengers Qualifiers,NORTH AMERICA,349
St. Clair College,SCC,5,23.71541501976284,0.0,20.0,20.042083114150447,29.471544715447155,17.52677702044791,S,13.25,St. Clair College,College Championship,NORTH AMERICA,350
Mirage,MRGE,5,39.52569169960474,20.0,20.0,32.667017359284586,41.666666666666664,41.644820612688186,M,10.78,Mirage,LCS Challengers Qualifiers,NORTH AMERICA,351
ISU Redbirds,ISU,4,35.290796160361374,25.0,0.0,16.885849552866915,0.0,1.4231143734551759,I,7.58,ISU Redbirds,LCS Challengers Qualifiers,NORTH AMERICA,352
PEACE,PCE,2,45.17221908526256,100.0,50.0,66.85954760652288,86.38211382113822,70.33181035128455,P,4.05,PEACE,Worlds,INTERNATIONAL,353
Team Plink,CAT,2,0.0,0.0,0.0,19.51604418726986,5.08130081300813,10.785708935660253,T,0.0,Team Plink,LCS Challengers Qualifiers,NORTH AMERICA,354
