team_name,team_acronym,match_numbers,champion_kills_per_game,first_baron_rate,winning_rate,net_building_destroyed_per_game,epic_monster_killed_per_game,vision_scores_per_game,team_capital_letter,team_combat_capacity,reference_label,league,region,Rank,champion_kills_rank,first_baron_rank,winning_rate_rank,building_destroyed_rank,epic_monster_killed_rank,vision_score_rank
T1,T1,137,12.71,0.61,0.61,2.93,4.6,161.99,T,1000,T1,Worlds,INTERNATIONAL,1,43.53472614,61,61,74.38190426,78.25203252,67.7027938
Gen.G,GEN,123,14.13,0.58,0.72,3.86,4.5,162.84,G,895.4,Gen.G,Worlds,INTERNATIONAL,2,51.55279503,58,72,79.27406628,76.2195122,68.33945023
kt Rolster,KT,114,13.13,0.62,0.69,3.25,4.3,154.69,K,809.44,kt Rolster,LCK,KOREA,3,45.90626765,62,69,76.06522883,72.15447154,62.23503857
Hanwha Life Esports,HLE,107,11.31,0.47,0.55,0.62,3.85,169.41,H,806.86,Hanwha Life Esports,Worlds,INTERNATIONAL,4,35.6295878,47,55,62.23040505,63.00813008,73.26042993
Dplus Kia,DK,87,12.06,0.57,0.59,1.86,4.54,164.29,D,709.47,Dplus Kia,Worlds,INTERNATIONAL,5,39.86448334,57,59,68.75328774,77.03252033,69.4255112
Liiv SANDBOX,LSB,90,10.79,0.5,0.42,-1.64,3.57,170.78,L,677.32,Liiv SANDBOX,LCK,KOREA,6,32.69339356,50,42,50.3419253,57.31707317,74.28657029
DRX,DRX,90,9.01,0.33,0.31,-3.86,3.13,154.64,D,651.36,DRX,Worlds,INTERNATIONAL,7,22.64257482,33,31,38.66386113,48.37398374,62.1975882
NongShim REDFORCE,NS,85,9.16,0.26,0.26,-4.91,3,151.98,N,633.29,NongShim REDFORCE,LCK,KOREA,8,23.48955392,26,26,33.14045239,45.73170732,60.20522807
OKSavingsBank BRION,BRO,89,8.39,0.39,0.31,-3.63,3.47,166.15,O,595.12,OKSavingsBank BRION,LCK,KOREA,9,19.14172784,39,31,39.87375066,55.28455285,70.81866527
Kwangdong Freecs,KDF,82,9.09,0.24,0.33,-2.4,3.28,160.12,K,587.88,Kwangdong Freecs,LCK,KOREA,10,23.09429701,24,33,46.34402946,51.42276423,66.30214965
GAM Esports,GAM,93,16.65,0.62,0.71,3.7,4.57,143.76,G,571.99,GAM Esports,Worlds,INTERNATIONAL,11,65.78204404,62,71,78.432404,77.64227642,54.04838589
Team Liquid Honda Challengers,TL,96,14.82,0.51,0.62,1.79,4.69,150.05,T,565.99,Team Liquid Honda Challengers,LCS Challengers,NORTH AMERICA,12,55.44889893,51,62,68.38506049,80.08130081,58.75964347
DK Challengers,DK,127,13.54,0.61,0.66,2.59,4.28,151.19,D,549.3,DK Challengers,LCK Challengers,KOREA,13,48.22134387,61,66,72.59337191,71.74796748,59.6135121
FlyQuest Challengers,FLY,92,15.96,0.58,0.62,2.83,4.03,132.28,F,531.2,FlyQuest Challengers,LCS Challengers,NORTH AMERICA,14,61.88594015,58,62,73.85586533,66.66666667,45.44977904
DRX Challengers,DRX,116,13.24,0.55,0.62,2.76,4.3,160.03,D,521.94,DRX Challengers,LCK Challengers,KOREA,15,46.52738566,55,62,73.48763809,72.15447154,66.23473897
Cincinnati Fear,FEAR,97,15.64,0.52,0.59,1.48,4.02,116.03,C,515.96,Cincinnati Fear,LCS Challengers,NORTH AMERICA,16,60.07905138,52,59,66.75433982,66.46341463,33.27840611
Team GO,GO,88,15.5,0.55,0.65,1.76,4.23,150.05,T,512.4,Team GO,La Ligue Fran?aise,EMEA,17,59.28853755,55,65,68.22724882,70.73170732,58.75964347
G2 Esports,G2,82,17.72,0.62,0.71,4.04,4.63,144.61,G,492.72,G2 Esports,Worlds,INTERNATIONAL,18,71.82382835,62,71,80.22093635,78.86178862,54.68504232
Golden Guardians,GG,83,13.93,0.57,0.57,1.65,4.06,153.7,G,491.04,Golden Guardians,MSI,INTERNATIONAL,19,50.42348955,57,57,67.648606,67.27642276,61.49352108
HLE Challengers,HLE,104,14.01,0.58,0.58,1.12,4.54,154.97,H,485.39,HLE Challengers,LCK Challengers,KOREA,20,50.87521174,58,58,64.86059968,77.03252033,62.44476069
Movistar Riders,MRS,81,17.67,0.59,0.63,2.99,4.51,130.62,M,485.34,Movistar Riders,SuperLiga,EMEA,21,71.54150198,59,63,74.69752762,76.42276423,44.20642648
TEAM WHALES,TW,83,14.81,0.59,0.59,1.66,4.6,164.82,T,477.02,TEAM WHALES,VCS,VIETNAM,22,55.39243365,59,59,67.70120989,78.25203252,69.82248521
Unicorns of Love Sexy Edition,USE,86,15.28,0.6,0.7,2.63,4.17,141.87,U,476.93,Unicorns of Love Sexy Edition,Prime League,EMEA,23,58.04630152,60,70,72.80378748,69.51219512,52.63276159
T1 Esports Academy,T1,103,12.54,0.44,0.46,-0.62,4.19,159.64,T,466.9,T1 Esports Academy,LCK Challengers,KOREA,24,42.57481649,44,46,55.70752236,69.91869919,65.94262602
NONGSHIM ESPORTS ACADEMY,NS,105,12.75,0.56,0.61,1.51,4.03,149.24,N,462.11,NONGSHIM ESPORTS ACADEMY,LCK Challengers,KOREA,25,43.76058724,56,61,66.9121515,66.66666667,58.15294734
AOE Gold,AOE,83,13.72,0.42,0.43,-1.37,3.86,128.64,A,459,AOE Gold,LCS Challengers Qualifiers,NORTH AMERICA,26,49.2377188,42,43,51.76223041,63.21138211,42.72339151
Anorthosis Famagusta Esports,ANO,80,15.95,0.59,0.66,3.2,4.11,142.01,A,458.84,Anorthosis Famagusta Esports,Greek Legends League,EMEA,27,61.82947487,59,66,75.80220936,68.29268293,52.73762265
kt Challengers,KT,101,12.92,0.53,0.59,1.53,4.15,154.75,K,454.69,kt Challengers,LCK Challengers,KOREA,28,44.72049689,53,59,67.01735928,69.10569106,62.27997903
MAD Lions,MAD,81,14.25,0.51,0.51,0.52,3.85,138.89,M,450.24,MAD Lions,Worlds,INTERNATIONAL,29,52.23037832,51,51,61.70436612,63.00813008,50.40071905
Maryville University,MU,77,16.52,0.58,0.53,1.23,4.08,140.55,M,449.63,Maryville University,College Championship,NORTH AMERICA,30,65.04799548,58,53,65.4392425,67.68292683,51.64407161
SK Gaming Prime,SKP,74,16.38,0.64,0.69,3.85,4.86,151.07,S,445.46,SK Gaming Prime,Prime League,EMEA,31,64.25748165,64,69,79.22146239,83.53658537,59.52363119
RED Kalunga,RED,57,14.89,0.56,0.58,0.86,4.77,172.49,R,444.87,RED Kalunga,Worlds,INTERNATIONAL,32,55.84415584,56,58,63.49289847,81.70731707,75.56737323
DenizBank ?stanbul Wildcats,IW,72,18.04,0.75,0.82,6.06,4.96,157.1,D,444.8,DenizBank ?stanbul Wildcats,EMEA Masters,EMEA,33,73.63071711,75,82,90.84692267,85.56910569,64.04014681
Wildcard,WC,84,15.1,0.56,0.55,-0.17,4.19,134.98,W,438.39,Wildcard,LCS Challengers,NORTH AMERICA,34,57.0299266,56,55,58.07469753,69.91869919,47.47209947
Evil Geniuses Challengers,EG,88,12.58,0.44,0.42,-1.52,3.39,135.61,E,438.29,Evil Geniuses Challengers,LCS Challengers,NORTH AMERICA,35,42.80067758,44,42,50.97317201,53.65853659,47.94397423
CTBC Flying Oyster,CFO,72,13.67,0.56,0.6,2,4.74,171.76,C,437.81,CTBC Flying Oyster,Worlds,INTERNATIONAL,36,48.95539243,56,60,69.48974224,81.09756098,75.02059771
Team Flash,TF,70,12.26,0.4,0.4,-1.66,3.87,169.9,T,431.9,Team Flash,VCS,VIETNAM,37,40.99378882,40,40,50.23671752,63.41463415,73.62744364
KaBuM! Academy,KBM,53,16.68,0.62,0.57,1.94,4.7,198.58,K,430.62,KaBuM! Academy,CBLOL Academy,BRAZIL,38,65.95143986,62,57,69.17411888,80.28455285,95.1089806
LOUD,LLL,60,14.95,0.63,0.7,3.1,4.72,158.52,L,426.36,LOUD,Worlds,INTERNATIONAL,39,56.18294749,63,70,75.27617044,80.69105691,65.10373755
Fukuoka SoftBank HAWKS gaming,SHG,75,13.53,0.57,0.65,3.13,4.45,150.69,F,425.32,Fukuoka SoftBank HAWKS gaming,LJL,JAPAN,40,48.1648786,57,65,75.43398211,75.20325203,59.23900831
FENNEL,FL,74,13.45,0.57,0.51,0.07,3.38,141.04,F,419.72,FENNEL,LJL,JAPAN,41,47.71315641,57,51,59.33719095,53.45528455,52.01108531
Saigon Buffalo Esports,SGB,77,13.38,0.47,0.52,0.06,3.96,163.09,S,411.49,Saigon Buffalo Esports,Worlds,INTERNATIONAL,42,47.31789949,47,52,59.28458706,65.24390244,68.52670212
Cloud9,C9,69,14.25,0.55,0.7,3.2,4.64,158.13,C,409.96,Cloud9,Worlds,INTERNATIONAL,43,52.23037832,55,70,75.80220936,79.06504065,64.8116246
Team Secret,TS,72,12.83,0.46,0.44,-0.61,3.53,156.08,T,409.52,Team Secret,VCS,VIETNAM,44,44.21230943,46,44,55.76012625,56.50406504,63.27615909
Bilibili Gaming Pingan Bank,BLG,74,16.72,0.61,0.69,3.59,4.45,164.3,B,409.2,Bilibili Gaming Pingan Bank,MSI,INTERNATIONAL,45,66.17730096,61,69,77.85376118,75.20325203,69.43300127
The Chiefs,CHF,69,17.88,0.54,0.58,1.36,4.28,135.03,T,408.14,The Chiefs,Worlds,INTERNATIONAL,46,72.72727273,54,58,66.12309311,71.74796748,47.50954985
Frank Esports,FAK,70,13.44,0.66,0.59,1.87,4.44,164.37,F,408.13,Frank Esports,PCS,"HONG KONG, MACAU, TAIWAN",47,47.65669113,66,59,68.80589164,75,69.4854318
CERBERUS ESPORTS,CES,84,13.88,0.54,0.48,-0.57,4.04,152.23,C,407.33,CERBERUS ESPORTS,VCS,VIETNAM,48,50.14116318,54,48,55.97054182,66.8699187,60.39247996
Gen.G Global Academy,GEN,91,11.95,0.42,0.37,-2.21,3.6,158.27,G,405.95,Gen.G Global Academy,LCK Challengers,KOREA,49,39.24336533,42,37,47.34350342,57.92682927,64.91648566
Sengoku Gaming,SG,73,14.32,0.64,0.67,3.71,4.48,135.14,S,398.46,Sengoku Gaming,LJL,JAPAN,50,52.62563523,64,67,78.48500789,75.81300813,47.59194068
Movistar R7,R7,68,16.49,0.59,0.65,2.41,4.31,142.91,M,398.27,Movistar R7,Worlds,INTERNATIONAL,51,64.87859966,59,65,71.64650184,72.35772358,53.41172946
TSM,TSM,46,11.72,0.41,0.43,-2.33,3.63,146.59,T,396.97,TSM,Worlds,INTERNATIONAL,52,37.94466403,41,43,46.71225671,58.53658537,56.1680773
PSG Talon,PSG,65,15.6,0.6,0.75,4.69,5.05,166.74,P,394.73,PSG Talon,Worlds,INTERNATIONAL,53,59.85319029,60,75,83.64018937,87.39837398,71.26057973
Los Heretics,HRTS,63,15.62,0.52,0.59,2.05,4.94,166.44,L,392.63,Los Heretics,SuperLiga,EMEA,54,59.96612084,52,59,69.7527617,85.16260163,71.03587746
INTZ,ITZ,47,14.72,0.51,0.47,0.3,4.26,158.3,I,388.2,INTZ,Worlds,INTERNATIONAL,55,54.88424619,51,47,60.54708048,71.34146341,64.93895588
Liiv SANDBOX Youth,LSB,87,11.93,0.33,0.33,-3.18,3.32,157.3,L,386.59,Liiv SANDBOX Youth,LCK Challengers,KOREA,56,39.13043478,33,33,42.24092583,52.23577236,64.18994832
DetonatioN FocusMe,DFM,69,16.41,0.7,0.75,4.91,4.43,142.67,D,385.83,DetonatioN FocusMe,Worlds,INTERNATIONAL,57,64.42687747,70,75,84.79747501,74.79674797,53.23196764
Team Fish Taco,TACO,68,14.74,0.38,0.4,-2.16,3.57,121.5,T,384.24,Team Fish Taco,LCS Challengers Qualifiers,NORTH AMERICA,58,54.99717674,38,40,47.60652288,57.31707317,37.37547749
Macko Esports,MCK,63,17.48,0.68,0.79,5.6,5.06,133.52,M,381.73,Macko Esports,PG Nationals,EMEA,59,70.46866177,68,79,88.42714361,87.60162602,46.37854842
WLGaming Esports,WLG,68,17.4,0.56,0.65,2.07,4.41,133.56,W,379.18,WLGaming Esports,Greek Legends League,EMEA,60,70.01693958,56,65,69.85796949,74.3902439,46.40850873
FURIA,FUR,47,12.55,0.47,0.49,-0.6,4.51,181.55,F,372.78,FURIA,CBLOL,BRAZIL,61,42.63128176,47,49,55.81273014,76.42276423,82.35338177
Diamant Esports,DIA,63,14.13,0.67,0.62,2.41,4.98,137.27,D,370.41,Diamant Esports,Esports Balkan League,EMEA,62,51.55279503,67,62,71.64650184,85.97560976,49.18732679
Los Grandes,LOS,48,13.19,0.44,0.5,-0.83,4.17,157.48,L,370.06,Los Grandes,CBLOL,BRAZIL,63,46.24505929,44,50,54.60284061,69.51219512,64.32476968
Vivo Keyd Stars,VKS,45,14.73,0.47,0.42,-0.62,4.18,156.96,V,369.75,Vivo Keyd Stars,CBLOL,BRAZIL,64,54.94071146,47,42,55.70752236,69.71544715,63.93528575
Disguised,DSG,50,14.74,0.62,0.66,3.14,4.7,150.06,D,367.45,Disguised,LCS Challengers,NORTH AMERICA,65,54.99717674,62,66,75.48658601,80.28455285,58.76713355
Orbit Anonymo,OAE,63,16.98,0.57,0.63,1.6,4.32,118.08,O,367.03,Orbit Anonymo,Ultraliga,EMEA,66,67.64539808,57,63,67.38558653,72.56097561,34.81387162
DSYRE,DSYR,63,16.43,0.57,0.6,2.43,4.16,137.29,D,365.94,DSYRE,PG Nationals,EMEA,67,64.53980802,57,60,71.75170963,69.30894309,49.20230694
paiN Academy,PNG,43,13.14,0.35,0.51,0.28,3.86,160.58,P,365.81,paiN Academy,CBLOL Academy,BRAZIL,68,45.96273292,35,51,60.4418727,63.21138211,66.64669313
Six Karma,6K,60,15.08,0.57,0.58,2,4.78,156.42,S,365.23,Six Karma,LLA,LATIN AMERICA,69,56.91699605,57,58,69.48974224,81.91056911,63.53082166
Beyond Gaming,BYG,62,14.34,0.53,0.65,3.31,4.26,174.26,B,363.77,Beyond Gaming,Worlds,INTERNATIONAL,70,52.73856578,53,65,76.38085218,71.34146341,76.89311662
Team Bliss,TB,61,16.46,0.51,0.57,1.66,4.54,140.38,T,363.47,Team Bliss,PCS,"HONG KONG, MACAU, TAIWAN",71,64.70920384,51,57,67.70120989,77.03252033,51.51674032
KDF Challengers,KDF,84,10.67,0.27,0.27,-3.43,3.6,138.19,K,359.09,KDF Challengers,LCK Challengers,KOREA,72,32.01581028,27,27,40.92582851,57.92682927,49.87641375
FUT ESPORTS,FUT,63,15.81,0.51,0.59,1.41,4.14,140.17,F,357.31,FUT ESPORTS,EMEA Masters,EMEA,73,61.03896104,51,59,66.38611257,68.90243902,51.35944873
Beijing JDG Intel Esports Club,JDG,64,15.69,0.55,0.78,4.52,4.08,155.25,B,355.9,Beijing JDG Intel Esports Club,Worlds,INTERNATIONAL,74,60.36137775,55,78,82.7459232,67.68292683,62.65448281
Supernova,SN,64,14.05,0.45,0.42,-1.55,3.75,119.31,S,355.05,Supernova,LCS Challengers Qualifiers,NORTH AMERICA,75,51.10107284,45,42,50.81536034,60.97560976,35.73515093
eSuba,ESB,63,15.73,0.56,0.52,1.32,4.21,128.79,E,354.97,eSuba,Hitpoint Masters,EMEA,76,60.58723885,56,52,65.91267754,70.32520325,42.83574264
BRO Challengers,BRO,82,11.15,0.41,0.33,-3.04,3.43,143.6,B,354.23,BRO Challengers,LCK Challengers,KOREA,77,34.72614342,41,33,42.97738033,54.47154472,53.92854468
KRC Genk Esports,GENK,63,15.44,0.62,0.59,3.13,4.59,133.83,K,353.68,KRC Genk Esports,Elite Series,EMEA,78,58.94974591,62,59,75.43398211,78.04878049,46.61074077
Team BDS,BDS,59,13.8,0.56,0.56,0.1,4.47,163.41,T,353.19,Team BDS,LEC,EMEA,79,49.68944099,56,56,59.49500263,75.6097561,68.76638454
GTZ Esports,GTZ,64,17.69,0.75,0.75,4.91,4.67,114.67,G,351.24,GTZ Esports,Liga Portuguesa,EMEA,80,71.65443252,75,75,84.79747501,79.67479675,32.25975582
Estral Esports,EST,58,14.12,0.57,0.62,2.22,4.47,155.22,E,346.45,Estral Esports,LLA,LATIN AMERICA,81,51.49632976,57,62,70.64702788,75.6097561,62.63201258
SHANGHAI EDWARD GAMING HYCAN,EDG,62,12.31,0.47,0.47,-0.11,3.76,160.37,S,343.88,SHANGHAI EDWARD GAMING HYCAN,Worlds,INTERNATIONAL,82,41.27611519,47,47,58.39032088,61.17886179,66.48940154
Deep Cross Gaming,DCG,56,13.45,0.57,0.52,1.41,4.25,169.54,D,339.71,Deep Cross Gaming,PCS,"HONG KONG, MACAU, TAIWAN",83,47.71315641,57,52,66.38611257,71.13821138,73.35780091
Zero Tenacity,Z10,59,17.97,0.71,0.71,4.12,4.44,130.22,Z,339.02,Zero Tenacity,Esports Balkan League,EMEA,84,73.23546019,71,71,80.64176749,75,43.90682346
paiN Gaming,PNG,62,13.94,0.56,0.63,2.11,4.5,189.89,P,337.49,paiN Gaming,MSI,INTERNATIONAL,85,50.47995483,56,63,70.06838506,76.2195122,88.60010486
White Dragons,WD,62,12.95,0.45,0.48,-0.21,4.16,132.15,W,336.95,White Dragons,Liga Portuguesa,EMEA,86,44.88989272,45,48,57.86428196,69.30894309,45.35240806
BK ROG Esports,BKR,57,15.33,0.68,0.54,2.16,4.35,141.81,B,335.07,BK ROG Esports,La Ligue Fran?aise,EMEA,87,58.32862789,68,54,70.33140452,73.17073171,52.58782114
Team Liquid Honda,TL,57,12.93,0.53,0.51,1.3,4.56,157.84,T,334.63,Team Liquid Honda,Worlds,INTERNATIONAL,88,44.77696217,53,51,65.80746975,77.43902439,64.5944124
FLUXO,FX,44,13.77,0.48,0.52,0.93,4.02,159.75,F,334.21,FLUXO,CBLOL,BRAZIL,89,49.52004517,48,52,63.86112572,66.46341463,66.02501685
Wap Esports,WAP,61,15.43,0.57,0.64,1.79,4.33,127.33,W,328.73,Wap Esports,South Regional League,LATIN AMERICA SOUTH,90,58.89328063,57,64,68.38506049,72.76422764,41.7421916
Alior Bank Team,AB,62,13.85,0.37,0.48,-0.02,3.6,134.73,A,324.45,Alior Bank Team,Ultraliga,EMEA,91,49.97176736,37,48,58.86375592,57.92682927,47.28484758
Entropiq,EIQ,57,16.44,0.61,0.74,4.39,4.32,139.21,E,322.99,Entropiq,Hitpoint Masters,EMEA,92,64.59627329,61,74,82.06207259,72.56097561,50.64040147
Partizan Esports,PAR,59,14.88,0.51,0.66,1.78,4.14,144.08,P,321.78,Partizan Esports,Esports Balkan League,EMEA,93,55.78769057,51,66,68.3324566,68.90243902,54.28806831
Vivo Keyd Stars Academy,VKS,61,15.75,0.54,0.64,2.38,4.59,149.39,V,319.74,Vivo Keyd Stars Academy,CBLOL Academy,BRAZIL,94,60.7001694,54,64,71.48869016,78.04878049,58.26529848
Aegis,AEG,62,14.32,0.52,0.5,-0.06,4.15,134.77,A,318.89,Aegis,La Ligue Fran?aise,EMEA,95,52.62563523,52,50,58.65334035,69.10569106,47.31480788
AXIZ,AXZ,65,11.74,0.37,0.35,-3.03,3.54,143.89,A,312.44,AXIZ,LJL,JAPAN,96,38.05759458,37,35,43.02998422,56.70731707,54.14575687
Fuego,FUE,55,18,0.69,0.76,6.13,4.87,122.87,F,312.31,Fuego,North Regional League,LATIN AMERICA NORTH,97,73.40485601,69,76,91.21514992,83.7398374,38.40161786
TOP ESPORTS,TES,56,13.38,0.5,0.57,0.59,4.02,155.48,T,311.24,TOP ESPORTS,Worlds,INTERNATIONAL,98,47.31789949,50,57,62.07259337,66.46341463,62.82675455
Berlin International Gaming,BIG,54,15.22,0.5,0.56,0.89,4.35,140.87,B,310.22,Berlin International Gaming,Prime League,EMEA,99,57.70750988,50,56,63.65071015,73.17073171,51.88375403
Isurus,ISG,54,13.94,0.48,0.52,-0.11,3.74,150.22,I,309.46,Isurus,Worlds,INTERNATIONAL,100,50.47995483,48,52,58.39032088,60.77235772,58.88697476
Fnatic,FNC,51,13.82,0.47,0.49,-0.45,3.73,148.04,F,309.06,Fnatic,Worlds,INTERNATIONAL,101,49.80237154,47,49,56.60178853,60.56910569,57.25413827
Burning Core,BC,60,11.97,0.4,0.42,-1.37,3.28,132.87,B,307.72,Burning Core,LJL,JAPAN,102,39.35629588,40,42,51.76223041,51.42276423,45.89169351
Suzhou LNG Esports,LNG,64,14.59,0.62,0.64,2.03,4.06,152.53,S,307.3,Suzhou LNG Esports,Worlds,INTERNATIONAL,103,54.15019763,62,64,69.64755392,67.27642276,60.61718223
Primate,PMT,53,15.53,0.68,0.7,4.3,4.77,139.7,P,301.15,Primate,South Regional League,LATIN AMERICA SOUTH,104,59.45793337,68,70,81.58863756,81.70731707,51.00741517
Finetwork KOI,FNK,48,13,0.54,0.44,-1,4.02,160.6,F,298.24,Finetwork KOI,SuperLiga,EMEA,105,45.17221909,54,44,53.70857443,66.46341463,66.66167328
EXCEL,XL,51,13.04,0.43,0.37,-2.27,4.02,158.69,E,297.61,EXCEL,LEC,EMEA,106,45.39808018,43,37,47.02788006,66.46341463,65.23106883
WeiboGaming FAW AUDI,WBG,57,13.49,0.58,0.63,2.56,3.96,159.81,W,297.5,WeiboGaming FAW AUDI,Worlds,INTERNATIONAL,107,47.9390175,58,63,72.43556023,65.24390244,66.06995731
Liberty,LBR,36,10.28,0.33,0.19,-4.58,3.42,160.92,L,296.8,Liberty,CBLOL,BRAZIL,108,29.8136646,33,19,34.87638085,54.26829268,66.9013557
100 Thieves,100,51,11.31,0.47,0.43,-1.69,4,145.73,#,295.78,100 Thieves,Worlds,INTERNATIONAL,109,35.6295878,47,43,50.07890584,66.05691057,55.52393079
Evil Geniuses LG,EG,53,12.68,0.58,0.51,0.94,4.13,150.25,E,295.4,Evil Geniuses LG,Worlds,INTERNATIONAL,110,43.36533032,58,51,63.91372962,68.69918699,58.90944499
LDLC OL,LDLC,54,13.15,0.56,0.56,0.76,3.96,148.31,L,295.06,LDLC OL,La Ligue Fran?aise,EMEA,111,46.01919819,56,56,62.96685955,65.24390244,57.45637031
NRG,NRG,38,15.29,0.58,0.55,0.89,4.5,205.11,N,294.88,NRG,LCS,NORTH AMERICA,112,58.1027668,58,55,63.65071015,76.2195122,100
MGN Box Esports,MBE,60,10.55,0.27,0.18,-5.52,2.8,141.85,M,294.72,MGN Box Esports,VCS,VIETNAM,113,31.33822699,27,18,29.93161494,41.66666667,52.61778144
INFINITY,INF,53,13.98,0.53,0.53,1.57,3.85,156.72,I,291.63,INFINITY,Worlds,INTERNATIONAL,114,50.70581592,53,53,67.22777486,63.00813008,63.75552393
Bisons,BSO,52,16.29,0.56,0.54,-0.63,3.65,136.94,B,291.16,Bisons,SuperLiga,EMEA,115,63.74929418,56,54,55.65491846,58.94308943,48.9401543
SK Gaming,SK,52,12.37,0.52,0.44,-1.1,3.75,157.46,S,290.82,SK Gaming,LEC,EMEA,116,41.61490683,52,44,53.18253551,60.97560976,64.30978953
Papara SuperMassive ,SUP,52,14.52,0.42,0.5,-0.33,4.17,154.63,P,288.63,Papara SuperMassive ,EMEA Masters,EMEA,117,53.75494071,42,50,57.23303524,69.51219512,62.19009812
Waia Snikt,WS,52,17.33,0.54,0.6,3.17,4.31,142.37,W,282.09,Waia Snikt,North Regional League,LATIN AMERICA NORTH,118,69.62168267,54,60,75.64439769,72.35772358,53.00726537
Nord Esports,NORD,56,16.71,0.54,0.59,2.2,3.96,124.52,N,278.78,Nord Esports,NLC,EMEA,119,66.12083569,54,59,70.54182009,65.24390244,39.63748034
Descuydado Aucas Esports,DSC,51,12.69,0.49,0.59,0.43,3.73,125.88,D,277.99,Descuydado Aucas Esports,North Regional League,LATIN AMERICA NORTH,120,43.4217956,49,59,61.23093109,60.56910569,40.65613063
Verdant,VER,54,14.65,0.61,0.56,1.69,4.5,136,V,277.94,Verdant,NLC,EMEA,121,54.48898927,61,56,67.85902157,76.2195122,48.23608718
Peek Gaming,PK,57,14.6,0.4,0.51,-0.51,4.21,130,P,277.42,Peek Gaming,North Regional League,LATIN AMERICA NORTH,122,54.2066629,40,51,56.28616518,70.32520325,43.74204179
Dignitas,DIG,44,10.59,0.25,0.32,-3.7,2.95,154.55,D,275.62,Dignitas,LCS,NORTH AMERICA,123,31.56408809,25,32,39.50552341,44.71544715,62.13017751
NASR ESPORTS,NASR,48,14.46,0.5,0.48,-0.94,4,156.12,N,274.55,NASR ESPORTS,EMEA Masters,EMEA,124,53.41614907,50,48,54.02419779,66.05691057,63.30611939
Cloud9 Challengers,C9,48,16.19,0.77,0.75,6.06,4.98,141.92,C,273.98,Cloud9 Challengers,LCS Challengers,NORTH AMERICA,125,63.18464145,77,75,90.84692267,85.97560976,52.67021197
FlyQuest,FLY,48,12.83,0.52,0.52,0.65,4.27,155.06,F,269.8,FlyQuest,Worlds,INTERNATIONAL,126,44.21230943,52,52,62.38821673,71.54471545,62.51217137
Karmine Corp,KC,50,15.44,0.5,0.62,1.9,4.28,133.18,K,269.56,Karmine Corp,La Ligue Fran?aise,EMEA,127,58.94974591,50,62,68.96370331,71.74796748,46.12388585
Crest Gaming Act,CGA,53,10.25,0.3,0.32,-4.21,3.38,137.32,C,267.31,Crest Gaming Act,LJL,JAPAN,128,29.64426877,30,32,36.82272488,53.45528455,49.22477717
Eintracht Spandau,EINS,46,13.17,0.59,0.59,2.33,4.54,150.13,E,266.97,Eintracht Spandau,Prime League,EMEA,129,46.13212874,59,59,71.2256707,77.03252033,58.81956408
Team Heretics,TH,43,14.63,0.42,0.44,-0.79,4.53,158.58,T,266.86,Team Heretics,LEC,EMEA,130,54.37605872,42,44,54.81325618,76.82926829,65.148678
Team Ambition,TA,46,16.43,0.52,0.57,1.28,3.85,116.78,T,266.02,Team Ambition,LCS Challengers Qualifiers,NORTH AMERICA,131,64.53980802,52,57,65.70226197,63.00813008,33.84016179
Mousesports,MOUZ,48,13.9,0.6,0.48,0.19,4.4,129.56,M,265.78,Mousesports,Prime League,EMEA,132,50.25409373,60,48,59.96843766,74.18699187,43.41247847
Los Grandes Academy,LOS,51,13.73,0.47,0.45,-1.47,3.63,164.65,L,265.16,Los Grandes Academy,CBLOL Academy,BRAZIL,133,49.29418408,47,45,51.23619148,58.53658537,69.69515392
Globant Emerald Team,GET,43,13.74,0.49,0.47,-0.16,4.14,155.07,G,264.8,Globant Emerald Team,South Regional League,LATIN AMERICA SOUTH,134,49.35064935,49,47,58.12730142,68.90243902,62.51966145
Cyber Wolves Esports,CWE,48,15.75,0.54,0.58,2.12,4.54,124.65,C,263.89,Cyber Wolves Esports,Esports Balkan League,EMEA,135,60.7001694,54,58,70.12098895,77.03252033,39.73485132
SBTC ESPORTS,SE,56,13.89,0.41,0.54,0.61,3.39,148.86,S,263.88,SBTC ESPORTS,VCS,VIETNAM,136,50.19762846,41,54,62.17780116,53.65853659,57.86832447
INTZ Academy,ITZ,51,12.71,0.47,0.49,0.43,3.96,141,I,263.09,INTZ Academy,CBLOL Academy,BRAZIL,137,43.53472614,47,49,61.23093109,65.24390244,51.98112501
Team 7AM,7AM,54,16.76,0.56,0.59,2.44,3.87,114.04,T,259.41,Team 7AM,Elite Series,EMEA,138,66.40316206,56,59,71.80431352,63.41463415,31.78788106
RED Academy,RED,46,14.13,0.57,0.46,0.04,4.28,162.39,R,258.57,RED Academy,CBLOL Academy,BRAZIL,139,51.55279503,57,46,59.17937927,71.74796748,68.00239682
Spectacled Bears,SB,47,14.13,0.47,0.49,-0.64,3.81,129.79,S,257.85,Spectacled Bears,South Regional League,LATIN AMERICA SOUTH,140,51.55279503,47,49,55.60231457,62.19512195,43.58475021
Eclipse Gaming,ECG,47,16.3,0.51,0.51,0.34,4.4,143.7,E,257.66,Eclipse Gaming,South Regional League,LATIN AMERICA SOUTH,141,63.80575946,51,51,60.75749605,74.18699187,54.00344543
KOI,KOI,51,11.59,0.31,0.41,-1.96,2.86,146.24,K,255.61,KOI,Worlds,INTERNATIONAL,142,37.21061547,31,41,48.65860074,42.88617886,55.90592465
Saprissa Esports,SAP,43,16.47,0.63,0.79,5.72,4.58,143.16,S,255.49,Saprissa Esports,North Regional League,LATIN AMERICA NORTH,143,64.76566911,63,79,89.05839032,77.84552846,53.59898135
Pirate Dream,PD,42,16.19,0.67,0.6,2.21,4.4,136.24,P,255.2,Pirate Dream,North Regional League,LATIN AMERICA NORTH,144,63.18464145,67,60,70.59442399,74.18699187,48.415849
Bandits Gaming,BAN,39,14.44,0.69,0.72,3.28,4.79,149.38,B,252.9,Bandits Gaming,North Regional League,LATIN AMERICA NORTH,145,53.30321852,69,72,76.2230405,82.11382114,58.2578084
Liberty Academy,LBR,46,14.35,0.43,0.48,-1.3,3.96,158.02,L,248.89,Liberty Academy,CBLOL Academy,BRAZIL,146,52.79503106,43,48,52.13045765,65.24390244,64.72923377
Vitality.Bee,VITB,44,12.73,0.45,0.5,-0.2,4,136.84,V,247.08,Vitality.Bee,La Ligue Fran?aise,EMEA,147,43.64765669,45,50,57.91688585,66.05691057,48.86525354
FURIA Academy,FUR,45,13.31,0.47,0.42,-1.64,3.84,154.42,F,246.64,FURIA Academy,CBLOL Academy,BRAZIL,148,46.92264257,47,42,50.3419253,62.80487805,62.03280653
Winthrop University,WU,41,17.34,0.49,0.56,1.46,3.71,116.34,W,246.42,Winthrop University,LCS Challengers Qualifiers,NORTH AMERICA,149,69.67814794,49,56,66.64913204,60.16260163,33.51059846
Schalke 04 Esports,S04,44,13.23,0.55,0.52,-0.89,3.98,153.07,S,245.9,Schalke 04 Esports,Prime League,EMEA,150,46.47092038,55,52,54.28721725,65.6504065,61.02164632
Team Vitality,VIT,45,13.4,0.47,0.47,-0.36,3.87,149.58,T,245.34,Team Vitality,LEC,EMEA,151,47.43083004,47,47,57.07522357,63.41463415,58.40760992
Furious Gaming,FG,42,14.71,0.57,0.52,0.69,3.79,146.26,F,244.57,Furious Gaming,South Regional League,LATIN AMERICA SOUTH,152,54.82778091,57,52,62.5986323,61.78861789,55.9209048
Nativz,NTZ,44,12.98,0.39,0.48,-1.23,3.41,133.52,N,240.72,Nativz,NLC,EMEA,153,45.05928854,39,48,52.4986849,54.06504065,46.37854842
Rebels,RBLS,44,13.55,0.48,0.55,0.25,4.3,146.7,R,238.48,Rebels,SuperLiga,EMEA,154,48.27780915,48,55,60.28406102,72.15447154,56.25046813
Osaka,OSK,37,13,0.35,0.24,-4.68,3.22,139.68,O,236.2,Osaka,North Regional League,LATIN AMERICA NORTH,155,45.17221909,35,24,34.35034193,50.20325203,50.99243502
Giants,GIA,45,12.47,0.49,0.51,0.24,4.56,136.13,G,236.1,Giants,SuperLiga,EMEA,156,42.17955957,49,51,60.23145713,77.43902439,48.33345817
FLUXO Academy,FX,41,14,0.51,0.46,-1.05,4.2,149.73,F,235.66,FLUXO Academy,CBLOL Academy,BRAZIL,157,50.81874647,51,46,53.44555497,70.12195122,58.51996105
Dignitas Challengers,DIG,45,13.84,0.58,0.71,4.2,3.96,122.56,D,234.73,Dignitas Challengers,LCS Challengers,NORTH AMERICA,158,49.91530209,58,71,81.06259863,65.24390244,38.16942551
Maturalni Forsaken,MFSK,47,14.68,0.51,0.51,-0.6,4.11,124.85,M,232.67,Maturalni Forsaken,Ultraliga,EMEA,159,54.65838509,51,51,55.81273014,68.29268293,39.88465283
Anubis Gaming,ANB,35,17.14,0.49,0.6,1.37,4.43,128.49,A,231.78,Anubis Gaming,Arabian League,EMEA,160,68.54884246,49,60,66.175697,74.79674797,42.61104037
Tomorrow Esports,TMR,44,14.02,0.48,0.41,-0.98,3.5,156.7,T,231.23,Tomorrow Esports,North Regional League,LATIN AMERICA NORTH,161,50.93167702,48,41,53.81378222,55.89430894,63.74054378
Astralis,AST,42,11.98,0.4,0.4,-1.4,3.52,141.14,A,230.58,Astralis,LEC,EMEA,162,39.41276115,40,40,51.60441873,56.30081301,52.08598607
Janus Esports,JNS,32,13.19,0.5,0.44,-1.03,3.78,150.84,J,227.11,Janus Esports,North Regional League,LATIN AMERICA NORTH,163,46.24505929,50,44,53.55076276,61.58536585,59.35135945
Bar?a Esports,BAR,44,13.34,0.5,0.55,1.14,3.64,140.34,B,226.58,Bar?a Esports,SuperLiga,EMEA,164,47.0920384,50,55,64.96580747,58.7398374,51.48678002
Golden Guardians Challengers,GG,41,15.37,0.59,0.59,1.41,4.46,105.9,G,225.55,Golden Guardians Challengers,LCS Challengers,NORTH AMERICA,165,58.55448899,59,59,66.38611257,75.40650407,25.69095948
Illuminar Gaming,IHG,43,12.88,0.47,0.44,-0.51,3.77,134.98,I,225.23,Illuminar Gaming,Ultraliga,EMEA,166,44.4946358,47,44,56.28616518,61.38211382,47.47209947
Solary,SLY,42,12.36,0.43,0.5,-0.19,4.05,136.1,S,223.04,Solary,La Ligue Fran?aise,EMEA,167,41.55844156,43,50,57.96948974,67.07317073,48.31098794
Nigma Galaxy,NGX,38,17.76,0.55,0.63,2.61,3.5,129.16,N,222.12,Nigma Galaxy,Arabian League,EMEA,168,72.04968944,55,63,72.69857969,55.89430894,43.11287544
Anc Outplayed,OP,47,16.43,0.4,0.51,-0.53,4.02,125.3,A,221.33,Anc Outplayed,PG Nationals,EMEA,169,64.53980802,40,51,56.18095739,66.46341463,40.22170624
J Team,JT,42,12.9,0.6,0.55,0.9,3.57,137.1,J,220.62,J Team,PCS,"HONG KONG, MACAU, TAIWAN",170,44.60756635,60,55,63.70331405,57.31707317,49.05999551
Team BDS Academy,BDSA,42,12.4,0.48,0.43,-0.83,3.88,134.4,T,220.62,Team BDS Academy,La Ligue Fran?aise,EMEA,171,41.78430265,48,43,54.60284061,63.61788618,47.03767508
FnaticTQ,FNTQ,42,14.52,0.36,0.48,-0.9,4.07,126.05,F,219.56,FnaticTQ,SuperLiga,EMEA,172,53.75494071,36,48,54.23461336,67.4796748,40.78346191
Malvinas Rise,MVG,38,14.05,0.39,0.5,-0.03,3.97,126.05,M,219.28,Malvinas Rise,South Regional League,LATIN AMERICA SOUTH,173,51.10107284,39,50,58.81115203,65.44715447,40.78346191
Dynamo Eclot,DNE,40,17.77,0.57,0.57,2.05,4.47,127.47,D,218.97,Dynamo Eclot,Hitpoint Masters,EMEA,174,72.10615471,57,57,69.7527617,75.6097561,41.84705266
Dire Wolves,DW,40,15.32,0.5,0.53,1.3,3.62,136.72,D,218.73,Dire Wolves,LCO,OCEANIA,175,58.27216262,50,53,65.80746975,58.33333333,48.77537263
GameWard,GW,40,10.62,0.38,0.42,-1.4,4.17,145.5,G,215.33,GameWard,La Ligue Fran?aise,EMEA,176,31.73348391,38,42,51.60441873,69.51219512,55.35165905
Geekay Esports,GK,36,18.06,0.61,0.64,2.08,4.61,143.58,G,215.27,Geekay Esports,Arabian League,EMEA,177,73.74364766,61,64,69.91057338,78.45528455,53.91356453
LOUD Academy,LLL,35,13.63,0.4,0.46,-0.91,4.14,150.26,L,212.96,LOUD Academy,CBLOL Academy,BRAZIL,178,48.72953134,40,46,54.18200947,68.90243902,58.91693506
Royal Never Give Up,RNG,44,13.75,0.45,0.52,1.36,4.09,161.05,R,212.42,Royal Never Give Up,Worlds,INTERNATIONAL,179,49.40711462,45,52,66.12309311,67.88617886,66.99872669
Eintracht Frankfurt,SGE,36,14.08,0.28,0.28,-3.33,3.92,156.47,E,211.67,Eintracht Frankfurt,Prime League,EMEA,180,51.27046866,28,28,41.45186744,64.43089431,63.56827204
BRUTE,BRT,44,13.02,0.45,0.41,-2.82,3.45,121.73,B,211.24,BRUTE,Hitpoint Masters,EMEA,181,45.28514963,45,41,44.13466597,54.87804878,37.54774923
TSM Challengers,TSM,37,14.16,0.38,0.43,-0.57,3.73,125.35,T,209.33,TSM Challengers,LCS Challengers,NORTH AMERICA,182,51.72219085,38,43,55.97054182,60.56910569,40.25915662
KaBuM! Esports,KBM,36,11.97,0.31,0.22,-4.81,3.28,174.17,K,208.25,KaBuM! Esports,CBLOL,BRAZIL,183,39.35629588,31,22,33.66649132,51.42276423,76.82570594
V3 Esports,V3,49,7.69,0.14,0.08,-7.71,1.8,126.31,V,207.7,V3 Esports,Worlds,INTERNATIONAL,184,15.18915867,14,8,18.41136244,21.34146341,40.97820388
Impunity Esports,IMP,52,11.88,0.4,0.4,-2.23,3.15,129.5,I,207.5,Impunity Esports,PCS,"HONG KONG, MACAU, TAIWAN",185,38.84810841,40,40,47.23829563,48.7804878,43.36753801
Immortals Progressive Challengers,IMT,37,15.3,0.46,0.49,0.19,3.54,124.7,I,205.76,Immortals Progressive Challengers,LCS Challengers,NORTH AMERICA,186,58.15923207,46,49,59.96843766,56.70731707,39.7723017
Meta Gaming,MG,36,14.89,0.33,0.47,-0.72,3.81,137.78,M,204.86,Meta Gaming,South Regional League,LATIN AMERICA SOUTH,187,55.84415584,33,47,55.18148343,62.19512195,49.56932065
RAAD,RAAD,35,17.49,0.57,0.54,1.4,4.14,142.14,R,202.79,RAAD,Arabian League,EMEA,188,70.52512705,57,54,66.33350868,68.90243902,52.83499363
FTW Esports,FTW,40,13.68,0.57,0.53,1.5,3.73,130.38,F,201.83,FTW Esports,Liga Portuguesa,EMEA,189,49.01185771,57,53,66.85954761,60.56910569,44.02666467
Be?ikta?,BJK,37,12.32,0.54,0.38,-1,4.16,132.73,B,196.35,Be?ikta?,TCL,EMEA,190,41.33258046,54,38,53.70857443,69.30894309,45.78683245
UCAM,UCAM,36,11.81,0.42,0.33,-2.75,3.64,124.81,U,195.89,UCAM,SuperLiga,EMEA,191,38.4528515,42,33,44.50289321,58.7398374,39.85469253
Komil&Friends,KNF,36,12.78,0.28,0.19,-5.11,3.14,120.64,K,192.99,Komil&Friends,Ultraliga,EMEA,192,43.92998306,28,19,32.08837454,48.57723577,36.73133099
IZIDREAM,IZI,36,10.08,0.31,0.25,-4.64,3.33,132.22,I,192.29,IZIDREAM,La Ligue Fran?aise,EMEA,193,28.68435912,31,25,34.5607575,52.43902439,45.40483859
Dark Passage,DP,38,12.95,0.42,0.45,-1.66,3.42,134.58,D,189.74,Dark Passage,TCL,EMEA,194,44.88989272,42,45,50.23671752,54.26829268,47.17249644
GamerLegion,GL,35,12.29,0.37,0.31,-3.2,3.37,135.11,G,189.68,GamerLegion,Prime League,EMEA,195,41.16318464,37,31,42.13571804,53.25203252,47.56947045
Grypciocraft Esports,GRP,44,15.05,0.43,0.45,-0.16,3.7,117.18,G,185.31,Grypciocraft Esports,Ultraliga,EMEA,196,56.74760023,43,45,58.12730142,59.95934959,34.13976481
Mirage Alliance,MIR,27,18,0.7,0.74,4.48,4.19,119.63,M,183.76,Mirage Alliance,LCS Challengers Qualifiers,NORTH AMERICA,197,73.40485601,70,74,82.53550763,69.91869919,35.97483335
Crvena Zvezda Esports,CZV,32,13.16,0.59,0.47,0.78,4.41,134.22,C,183.08,Crvena Zvezda Esports,Esports Balkan League,EMEA,198,46.07566347,59,47,63.07206733,74.3902439,46.90285372
E WIE EINFACH E-SPORTS,EWI,36,10.72,0.25,0.33,-3.69,3.31,109.56,E,178.4,E WIE EINFACH E-SPORTS,Prime League,EMEA,199,32.29813665,25,33,39.5581273,52.03252033,28.43232717
Pentanet.GG,PGG,33,15.97,0.48,0.52,0.61,3.55,135.21,P,178.29,Pentanet.GG,MSI,INTERNATIONAL,200,61.94240542,48,52,62.17780116,56.91056911,47.64437121
Topo Centras Iron Wolves,WOLF,39,13.41,0.36,0.41,-1.74,3.51,116.23,T,177.88,Topo Centras Iron Wolves,Ultraliga,EMEA,201,47.48729531,36,41,49.81588638,56.09756098,33.42820762
SINNERS Esports,SIN,32,17.56,0.56,0.5,1.59,3.81,125.34,S,177.46,SINNERS Esports,Hitpoint Masters,EMEA,202,70.92038396,56,50,67.33298264,62.19512195,40.25166654
CLG,CLG,26,12,0.46,0.42,-1.23,4.04,158.58,C,175.95,CLG,LCS,NORTH AMERICA,203,39.5256917,46,42,52.4986849,66.8699187,65.148678
Guasones,GSNS,36,11.89,0.39,0.17,-4.81,2.81,139.03,G,175.62,Guasones,SuperLiga,EMEA,204,38.90457369,39,17,33.66649132,41.8699187,50.50558011
Team Phantasma,TP,39,13.21,0.54,0.44,-0.74,4.15,121.23,T,173.77,Team Phantasma,Greek Legends League,EMEA,205,46.35798984,54,44,55.07627564,69.10569106,37.17324545
EXEED,EXD,36,13.06,0.44,0.36,-2.61,3.81,119.14,E,172.01,EXEED,Ultraliga,EMEA,206,45.51101073,44,36,45.23934771,62.19512195,35.60781964
Lit Esports,LIT,31,15.13,0.42,0.52,-0.55,3.1,102.1,L,171.54,Lit Esports,LCS Challengers Qualifiers,NORTH AMERICA,207,57.19932242,42,52,56.07574961,47.76422764,22.84473073
Odivelas Sports Club,OSC,35,13.69,0.46,0.46,-0.8,4.06,128.43,O,170.83,Odivelas Sports Club,Liga Portuguesa,EMEA,208,49.06832298,46,46,54.76065229,67.27642276,42.56609992
Hell Pigs,HPS,35,11,0.43,0.37,-3.63,3.4,125.94,H,170.26,Hell Pigs,PCS,"HONG KONG, MACAU, TAIWAN",209,33.87916431,43,37,39.87375066,53.86178862,40.70107108
CCG Esports,CCG,27,16.15,0.33,0.44,-0.26,3.52,131.37,C,169.26,CCG Esports,LCS Challengers Qualifiers,NORTH AMERICA,210,62.95878035,33,44,57.60126249,56.30081301,44.76818216
Immortals Progressive,IMT,36,9.78,0.25,0.25,-5.39,2.72,151.97,I,168.89,Immortals Progressive,LCS,NORTH AMERICA,211,26.9904009,25,25,30.61546554,40.04065041,60.197738
Team Aze,AZE,32,10.47,0.19,0.22,-5.78,3.06,153.53,T,166.88,Team Aze,MSI,INTERNATIONAL,212,30.8865048,19,22,28.56391373,46.95121951,61.3661898
EBRO,EBG,31,11.55,0.48,0.39,-3.06,3.45,137.19,E,165.29,EBRO,South Regional League,LATIN AMERICA SOUTH,213,36.98475438,48,39,42.87217254,54.87804878,49.12740619
Gamespace Mediterranean College Esports,GSMC,34,14.12,0.53,0.41,-0.18,3.71,118.88,G,164,Gamespace Mediterranean College Esports,Greek Legends League,EMEA,214,51.49632976,53,41,58.02209363,60.16260163,35.41307767
NNO Prime,NNO,36,8.75,0.28,0.17,-4.83,3,136.14,N,163.94,NNO Prime,Prime League,EMEA,215,21.1744777,28,17,33.56128353,45.73170732,48.34094824
Leviat¨¢n Esports,LEV,32,10.5,0.34,0.19,-4.59,3,138.38,L,162.9,Leviat¨¢n Esports,LLA,LATIN AMERICA,216,31.05590062,34,19,34.82377696,45.73170732,50.01872519
Ruddy Esports,RUD,35,15.2,0.54,0.57,1.29,4.4,122.74,R,161.68,Ruddy Esports,NLC,EMEA,217,57.59457933,54,57,65.75486586,74.18699187,38.30424687
BWE Esports,BWE,32,12.41,0.38,0.47,-1.56,3.41,126.44,B,161.46,BWE Esports,Liga Portuguesa,EMEA,218,41.84076793,38,47,50.76275644,54.06504065,41.07557486
Cyberground Gaming,CGG,32,16.5,0.47,0.41,-2.03,3.38,110.38,C,158.29,Cyberground Gaming,PG Nationals,EMEA,219,64.93506494,47,41,48.29037349,53.45528455,29.04651337
Dewish Team,DWT,36,9.58,0.19,0.11,-7.56,2.31,112.11,D,157.78,Dewish Team,PCS,"HONG KONG, MACAU, TAIWAN",220,25.86109543,19,11,19.20042083,31.70731707,30.34229646
ZennIT,ZNT,34,15.24,0.32,0.47,-1.91,3.76,113.15,Z,157.08,ZennIT,Elite Series,EMEA,221,57.82044043,32,47,48.9216202,61.17886179,31.12126432
CLG Challengers,CLG,38,15.05,0.58,0.61,3.39,4.55,147.18,C,155.87,CLG Challengers,LCS Challengers,NORTH AMERICA,222,56.74760023,58,61,76.80168332,77.23577236,56.60999176
MAMMOTH,MEC,32,13.22,0.41,0.41,-2.06,3,125.97,M,155.73,MAMMOTH,LCO,OCEANIA,223,46.41445511,41,41,48.13256181,45.73170732,40.72354131
Team ESCA Gaming,ESCA,36,12.42,0.42,0.31,-3.69,3.28,113.31,T,153.59,Team ESCA Gaming,Ultraliga,EMEA,224,41.8972332,42,31,39.5581273,51.42276423,31.24110554
West Point Esports,WP,36,11.33,0.25,0.28,-5.33,2.92,133,W,152.88,West Point Esports,PCS,"HONG KONG, MACAU, TAIWAN",225,35.74251835,25,28,30.9310889,44.10569106,45.98906449
All Knights,AK,34,9.26,0.29,0.29,-4.88,2.82,125.32,A,152.42,All Knights,LLA,LATIN AMERICA,226,24.05420666,29,29,33.29826407,42.07317073,40.23668639
Atleta Esport,ATE,21,17.29,0.57,0.62,3.14,5.1,131.14,A,152.09,Atleta Esport,PG Nationals,EMEA,227,69.39582157,57,62,75.48658601,88.41463415,44.59591042
FL Academy,FL,21,16.57,0.38,0.52,1.29,4,129.05,F,151.88,FL Academy,LJL Academy,JAPAN,228,65.33032185,38,52,65.75486586,66.05691057,43.03048461
LGD GAMING,LGD,37,11.38,0.41,0.27,-3.35,3.3,157,L,147.54,LGD GAMING,Worlds,INTERNATIONAL,229,36.02484472,41,27,41.34665965,51.82926829,63.96524605
Panathinaikos Esports,PAO,32,13.22,0.34,0.44,-2.47,3,110.66,P,147.03,Panathinaikos Esports,Greek Legends League,EMEA,230,46.41445511,34,44,45.97580221,45.73170732,29.25623549
Team Coachify,CFY,12,22.08,0.75,0.58,4.33,5.67,128.83,T,146.63,Team Coachify,LCS Challengers Qualifiers,NORTH AMERICA,231,96.44268775,75,58,81.74644924,100,42.86570294
Invictus Gaming,IG,36,13.14,0.36,0.36,-3.03,3.78,145.47,I,142.12,Invictus Gaming,LPL,CHINA,232,45.96273292,36,36,43.02998422,61.58536585,55.32918882
Vanir,VNR,28,15.43,0.46,0.39,-1.96,3.86,124.25,V,141.89,Vanir,NLC,EMEA,233,58.89328063,46,39,48.65860074,63.21138211,39.4352483
mCon esports,MCON,28,12,0.5,0.36,-1.96,3.71,132.54,M,141.17,mCon esports,Elite Series,EMEA,234,39.5256917,50,36,48.65860074,60.16260163,45.64452101
SHG Academy,SHG,27,17.59,0.63,0.81,5.74,3.96,121.67,S,140.69,SHG Academy,LJL Academy,JAPAN,235,71.08977979,63,81,89.16359811,65.24390244,37.50280878
Valiance PRO GAME,VPG,28,12.64,0.29,0.36,-2.75,3.25,114.25,V,139.43,Valiance PRO GAME,Esports Balkan League,EMEA,236,43.13946923,29,36,44.50289321,50.81300813,31.94517265
HEET,HEET,32,13.44,0.44,0.5,-1.09,3.72,99.38,H,138.63,HEET,Elite Series,EMEA,237,47.65669113,44,50,53.2351394,60.36585366,20.80743016
Team Tony Top,TONY,32,14.5,0.56,0.66,2.38,4.47,137,T,137.78,Team Tony Top,LCS Challengers Qualifiers,NORTH AMERICA,238,53.64201016,56,66,71.48869016,75.6097561,48.98509475
V3 Academy,V3,28,13.21,0.5,0.57,1.18,3.57,124.61,V,137.21,V3 Academy,LJL Academy,JAPAN,239,46.35798984,50,57,65.17622304,57.31707317,39.70489102
Vipers,VIPS,29,14.79,0.45,0.52,0.76,4.21,126.28,V,136.91,Vipers,N/A,N/A,240,55.27950311,45,52,62.96685955,70.32520325,40.95573365
Team Liquid Honda First,TLF,42,10.69,0.17,0.21,-6.02,2.71,98.76,T,136.22,Team Liquid Honda First,LCS Challengers Qualifiers,NORTH AMERICA,241,32.12874082,17,21,27.30142031,39.83739837,20.34304546
Spirituals,STS,27,14.11,0.48,0.41,-1.07,3.19,104.26,S,134,Spirituals,N/A,N/A,242,51.43986448,48,41,53.34034719,49.59349593,24.46258707
FunPlus Phoenix,FPX,37,10.7,0.32,0.43,-1.81,3.24,149.62,F,133.78,FunPlus Phoenix,Worlds,INTERNATIONAL,243,32.1852061,32,43,49.44765913,50.6097561,58.43757022
EGN Esports,EGN,28,12.39,0.46,0.43,-1.39,3.57,131.36,E,133.53,EGN Esports,Liga Portuguesa,EMEA,244,41.72783738,46,43,51.65702262,57.31707317,44.76069208
Domino Esports,DMN,29,13.66,0.31,0.31,-3.79,3.17,100.31,D,132.73,Domino Esports,NLC,EMEA,245,48.89892716,31,31,39.03208837,49.18699187,21.50400719
100 Thieves Challengers,100,40,14,0.57,0.6,1.73,3.73,109.88,#,131.86,100 Thieves Challengers,LCS Challengers,NORTH AMERICA,246,50.81874647,57,60,68.06943714,60.56910569,28.67200959
Zylant Esports,ZLT,25,20.28,0.76,0.84,7.8,5.56,118,Z,131.78,Zylant Esports,N/A,N/A,247,86.27893845,76,84,100,97.76422764,34.75395101
GALAKTICOS,GAL,27,9.7,0.33,0.3,-3.33,3.22,121.93,G,129.76,GALAKTICOS,TCL,EMEA,248,26.53867871,33,30,41.45186744,50.20325203,37.69755075
Ankora Gaming,ANK,28,9.82,0.29,0.25,-5.96,2.82,102.04,A,129.1,Ankora Gaming,Esports Balkan League,EMEA,249,27.216262,29,25,27.61704366,42.07317073,22.79979028
Axolotl Esports,AXL,32,14.44,0.44,0.44,-1.38,3.53,103.34,A,128.21,Axolotl Esports,PG Nationals,EMEA,250,53.30321852,44,44,51.70962651,56.50406504,23.77350011
SG Academy,SG,23,17.35,0.78,0.74,5.13,4.61,131.04,S,127.56,SG Academy,LJL Academy,JAPAN,251,69.73461321,78,74,85.95476065,78.45528455,44.52100966
Eternal Fire,EF,22,13.73,0.45,0.45,0.09,3.95,137.18,E,126.48,Eternal Fire,TCL,EMEA,252,49.29418408,45,45,59.44239874,65.04065041,49.11991611
Pentagon Rejects,PTR,28,13.21,0.43,0.32,-3.89,3.71,112.07,P,125.91,Pentagon Rejects,Greek Legends League,EMEA,253,46.35798984,43,32,38.50604945,60.16260163,30.31233615
DREN Esports,DREN,28,11.36,0.32,0.29,-4.18,2.43,112.43,D,125.62,DREN Esports,PG Nationals,EMEA,254,35.91191417,32,29,36.98053656,34.14634146,30.58197888
webidoo Gaming,WBD,14,13.71,0.43,0.29,-4.21,3.64,114.71,W,124.42,webidoo Gaming,PG Nationals,EMEA,255,49.18125353,43,29,36.82272488,58.7398374,32.28971613
FLY FAM,FLYF,36,9.97,0.25,0.14,-6.56,2.64,102.86,F,123.57,FLY FAM,LCS Challengers Qualifiers,NORTH AMERICA,256,28.06324111,25,14,24.4608101,38.41463415,23.41397648
Riddle Esports,RDL,28,15.18,0.68,0.71,3.46,4.54,127.5,R,122.82,Riddle Esports,NLC,EMEA,257,57.48164879,68,71,77.16991057,77.03252033,41.86952288
Mad Kings,MKE,22,16.27,0.59,0.55,2.14,4.86,128.05,M,121.7,Mad Kings,N/A,N/A,258,63.63636364,59,55,70.22619674,83.53658537,42.28147704
CGA  Academy,CGA,23,14.57,0.39,0.48,-1.22,3.43,134.22,C,121.54,CGA  Academy,LJL Academy,JAPAN,259,54.03726708,39,48,52.5512888,54.47154472,46.90285372
MAGAZA,MGZ,28,11.93,0.43,0.36,-2.36,3.61,113.11,M,121.52,MAGAZA,Esports Balkan League,EMEA,260,39.13043478,43,36,46.55444503,58.1300813,31.09130402
Undead BK,UBK,27,10.11,0.19,0.22,-5.41,2.78,133.26,U,120.68,Undead BK,South Regional League,LATIN AMERICA SOUTH,261,28.85375494,19,22,30.51025776,41.2601626,46.18380646
SAMPI,SMP,27,14.22,0.41,0.37,-3.11,3.07,84.52,S,118.96,SAMPI,Hitpoint Masters,EMEA,262,52.0609825,41,37,42.60915308,47.15447154,9.677177739
Cryptova,OVA,28,10.25,0.32,0.29,-4.25,3.29,106.71,C,117.69,Cryptova,Hitpoint Masters,EMEA,263,29.64426877,32,29,36.61230931,51.62601626,26.29765561
Zeus Kralik,Z5K,29,17.41,0.69,0.72,2.62,4.55,119.83,Z,117.46,Zeus Kralik,N/A,N/A,264,70.07340486,69,72,72.75118359,77.23577236,36.12463486
Wild Panthers Esports,WPE,28,13.11,0.32,0.36,-3.14,3,125.96,W,115.47,Wild Panthers Esports,Greek Legends League,EMEA,265,45.7933371,32,36,42.4513414,45.73170732,40.71605123
Northern Lions Esports,NLE,28,13.64,0.29,0.29,-4.93,3.64,107.39,N,114.75,Northern Lions Esports,Elite Series,EMEA,266,48.78599661,29,29,33.03524461,58.7398374,26.80698075
GeekSide Esports,GSE,24,14.17,0.46,0.54,-0.71,3.83,102.46,G,114.11,GeekSide Esports,N/A,N/A,267,51.77865613,46,54,55.23408732,62.60162602,23.11437346
Hell Zerolag Esports,HELL,28,11.57,0.36,0.29,-3.57,2.93,95.39,H,113.77,Hell Zerolag Esports,Greek Legends League,EMEA,268,37.09768492,36,29,40.18937401,44.30894309,17.81888997
UniQ Esports,UNIQ,29,11.34,0.28,0.24,-4.69,3.14,109.14,U,111.99,UniQ Esports,NLC,EMEA,269,35.79898363,28,24,34.29773803,48.57723577,28.11774399
Universitario Esports,UE,22,13.68,0.32,0.36,-2.32,3.73,111.45,U,111.77,Universitario Esports,N/A,N/A,270,49.01185771,32,36,46.7648606,60.56910569,29.84795146
Inside Games,ING,28,11.46,0.21,0.14,-7.25,1.86,95.79,I,110.39,Inside Games,Hitpoint Masters,EMEA,271,36.47656691,21,14,20.8311415,22.56097561,18.118493
GNG Esports,GNG,21,16.71,0.33,0.33,-2.14,3.48,138.76,G,107.27,GNG Esports,Arabian League,EMEA,272,66.12083569,33,33,47.71173067,55.48780488,50.30334806
DFM Academy,DFM,20,13.95,0.3,0.35,-4.05,2.9,126.05,D,106.56,DFM Academy,LJL Academy,JAPAN,273,50.5364201,30,35,37.66438716,43.69918699,40.78346191
Boavista F.C,BFC,28,10.18,0.14,0.11,-8.29,2.18,91.75,B,106.23,Boavista F.C,Liga Portuguesa,EMEA,274,29.24901186,14,11,15.36033666,29.06504065,15.09250243
A One Man Army,AOMA,18,15.89,0.39,0.5,-0.11,4.17,133.28,A,106.1,A One Man Army,Elite Series,EMEA,275,61.49068323,39,50,58.39032088,69.51219512,46.19878661
Goskilla,GSK,7,19.43,0.86,0.86,6.14,5.57,124.14,G,105.36,Goskilla,Ultraliga,EMEA,276,81.47939018,86,86,91.26775381,97.96747967,39.35285746
SPIKE Syndicate,SPK,17,14.82,0.47,0.53,2,4.35,125.71,S,104.29,SPIKE Syndicate,Esports Balkan League,EMEA,277,55.44889893,47,53,69.48974224,73.17073171,40.52879934
Kanga Esports,KNG,27,9.63,0.19,0.19,-6.85,1.74,89.3,K,103.66,Kanga Esports,LCO,OCEANIA,278,26.1434218,19,19,22.93529721,20.12195122,13.2574339
Incubus,INC,22,17.36,0.55,0.68,3.55,4.18,129.64,I,103.29,Incubus,LLA,LATIN AMERICA,279,69.79107849,55,68,77.64334561,69.71544715,43.47239907
Apex Mission Impossible,AMI,19,14.63,0.42,0.47,-1.47,4.21,110.84,A,102.54,Apex Mission Impossible,LCS Challengers Qualifiers,NORTH AMERICA,280,54.37605872,42,47,51.23619148,70.32520325,29.39105685
AXZ Academy,AXZ,21,11.14,0.29,0.14,-5,3.14,106.33,A,101.28,AXZ Academy,LJL Academy,JAPAN,281,34.66967815,29,14,32.66701736,48.57723577,26.01303273
Ground Zero,GZ,24,11,0.21,0.25,-5.38,2.67,92.83,G,100.78,Ground Zero,LCO,OCEANIA,282,33.87916431,21,25,30.66806944,39.02439024,15.9014306
3BL Esports,3BL,17,13.41,0.29,0.24,-5.35,3.06,138.76,#,99.14,3BL Esports,Arabian League,EMEA,283,47.48729531,29,24,30.82588112,46.95121951,50.30334806
Komodo,KMD,12,15.17,0.33,0.33,-2.08,2.83,95.08,K,98.73,Komodo,LCS Challengers Qualifiers,NORTH AMERICA,284,57.42518351,33,33,48.02735402,42.27642276,17.58669763
Red Eyes Esports,RDY,20,15.45,0.4,0.45,0.05,3.6,109.6,R,98.58,Red Eyes Esports,N/A,N/A,285,59.00621118,40,45,59.23198317,57.92682927,28.46228747
19 Esports,19,27,17.3,0.56,0.63,3.52,3.7,113.59,#,98.28,19 Esports,N/A,N/A,286,69.45228684,56,63,77.48553393,59.95934959,31.45082765
BC Academy,BC,21,13.1,0.29,0.24,-5.67,3,110.48,B,95.91,BC Academy,LJL Academy,JAPAN,287,45.73687182,29,24,29.14255655,45.73170732,29.12141413
Vertex ESC,VTX,19,11.79,0.37,0.26,-5.11,2.79,110.47,V,94.15,Vertex ESC,LCO,OCEANIA,288,38.33992095,37,26,32.08837454,41.46341463,29.11392405
Team Mayan eSports,MYN,24,14.17,0.38,0.46,-1.33,2.96,107.96,T,92.9,Team Mayan eSports,N/A,N/A,289,51.77865613,38,46,51.97264598,44.91869919,27.23391506
Ramo Awake Gaming,AWK,21,14.9,0.33,0.38,-2.1,2.86,114.86,R,91.47,Ramo Awake Gaming,N/A,N/A,290,55.90062112,33,38,47.92214624,42.88617886,32.40206726
The Last Dance,LAST,40,6.95,0.1,0.07,-9.03,1.77,87.22,T,89.44,The Last Dance,LCS Challengers Qualifiers,NORTH AMERICA,291,11.0107284,10,7,11.46764861,20.73170732,11.69949816
Aguilas Doradas,AD,21,11.52,0.24,0.24,-4.95,2.19,92.05,A,87.3,Aguilas Doradas,N/A,N/A,292,36.81535855,24,24,32.93003682,29.26829268,15.3172047
Fox Gaming,FOX,17,13.29,0.41,0.41,-1.82,3.53,125.65,F,87.23,Fox Gaming,Arabian League,EMEA,293,46.80971203,41,41,49.39505523,56.50406504,40.48385889
Triple Esports,TE,20,12.35,0.4,0.25,-4.65,2.8,128.9,T,87.14,Triple Esports,Arabian League,EMEA,294,41.50197628,40,25,34.5081536,41.66666667,42.91813347
Genbu Gaming,GNGG,19,12.32,0.37,0.26,-5.58,3.21,109.53,G,86.55,Genbu Gaming,N/A,N/A,295,41.33258046,37,26,29.61599158,50,28.40985694
Maze Gaming,MAZ,18,15.11,0.44,0.5,-1.44,3.94,120.06,M,86.52,Maze Gaming,N/A,N/A,296,57.08639187,44,50,51.39400316,64.83739837,36.2969066
Polar Squad,PLS,20,17.55,0.3,0.45,-1.95,3.55,85.75,P,85.08,Polar Squad,N/A,N/A,297,70.86391869,30,45,48.71120463,56.91056911,10.59845704
The Agency,AGC,22,16.23,0.64,0.55,1.36,4.23,112.36,T,82.71,The Agency,Elite Series,EMEA,298,63.41050254,64,55,66.12309311,70.73170732,30.52954835
Macro Pampas,PAM,21,14.9,0.71,0.86,6.57,5.48,116.38,M,82.04,Macro Pampas,N/A,N/A,299,55.90062112,71,86,93.5297212,96.13821138,33.54055876
Diamond Doves,DD,15,14.07,0.33,0.33,-3.93,2.8,128.67,D,76.65,Diamond Doves,N/A,N/A,300,51.21400339,33,33,38.29563388,41.66666667,42.74586173
Barcelona BG,BBG,16,11.75,0.31,0.31,-2.81,2.94,110.62,B,72.39,Barcelona BG,N/A,N/A,301,38.11405985,31,31,44.18726986,44.51219512,29.22627519
Antares Esports,ANT,19,9.11,0.32,0.26,-5.84,2.32,119.32,A,72.02,Antares Esports,N/A,N/A,302,23.20722756,32,26,28.24829037,31.91056911,35.742641
Fourth Wall,4W,14,14.71,0.43,0.36,-3.21,2.93,119.36,F,70.03,Fourth Wall,NLC,EMEA,303,54.82778091,43,36,42.08311415,44.30894309,35.7726013
Aethernum Esports,AET,16,10.44,0.12,0.06,-8.56,2.5,96.38,A,69.36,Aethernum Esports,N/A,N/A,304,30.71710898,12,6,13.94003156,35.56910569,18.56040746
Aporia,APR,8,12.75,0.25,0,-9.25,3,100,A,68.69,Aporia,LCS Challengers Qualifiers,NORTH AMERICA,305,43.76058724,25,0,10.31036297,45.73170732,21.27181485
Myth Esports,MYTH,14,12.57,0.36,0.29,-4.57,2.79,119.93,M,67.97,Myth Esports,Elite Series,EMEA,306,42.74421231,36,29,34.92898474,41.46341463,36.19953562
Keypulse Esports,KYP,14,11.43,0.29,0.29,-3.21,3.57,114.57,K,67.5,Keypulse Esports,Liga Portuguesa,EMEA,307,36.30717109,29,29,42.08311415,57.31707317,32.18485507
Teamless Revenge,TRV,14,20.07,0.14,0.43,-2.57,3,109.93,T,66.63,Teamless Revenge,LCS Challengers Qualifiers,NORTH AMERICA,308,85.0931677,14,43,45.44976328,45.73170732,28.70945997
Kelyx's Grandpa Gamers,OLD,14,16.43,0.36,0.43,-1.64,3.21,109.86,K,64.94,Kelyx's Grandpa Gamers,LCS Challengers Qualifiers,NORTH AMERICA,309,64.53980802,36,43,50.3419253,50,28.65702944
Mezexis Esports,MZS,14,11.86,0.43,0.43,1.07,3.71,147.36,M,63.78,Mezexis Esports,N/A,N/A,310,38.73517787,43,43,64.59758022,60.16260163,56.74481312
River Plate Gaming,RIV,15,14.33,0.6,0.6,2.6,5.27,135.53,R,63.52,River Plate Gaming,N/A,N/A,311,52.68210051,60,60,72.6459758,91.8699187,47.88405363
Skull Cracker Clan,SKC,14,12.64,0.14,0.14,-6.93,2.5,112.36,S,62.94,Skull Cracker Clan,N/A,N/A,312,43.13946923,14,14,22.51446607,35.56910569,30.52954835
Atheris Esports,ATH,19,14.53,0.58,0.47,-1.63,3.47,129.21,A,62.71,Atheris Esports,N/A,N/A,313,53.81140599,58,47,50.3945292,55.28455285,43.15032582
Team E Turner,TET,7,22.71,0.71,0.71,4.71,4.43,87.86,T,59.53,Team E Turner,LCS Challengers Qualifiers,NORTH AMERICA,314,100,71,71,83.74539716,74.79674797,12.17886301
ENEMI3S,NM3,14,12.57,0.29,0.14,-7.29,2.36,96.36,E,57.91,ENEMI3S,PG Nationals,EMEA,315,42.74421231,29,14,20.62072593,32.72357724,18.54542731
Native Gaming,N8V,15,16.47,0.6,0.6,1.93,4.2,120,N,56.17,Native Gaming,LCS Challengers Qualifiers,NORTH AMERICA,316,64.76566911,60,60,69.12151499,70.12195122,36.25196614
Miracle,MRC,14,13.71,0.64,0.43,-0.64,3.79,129.29,M,53.71,Miracle,LCS Challengers Qualifiers,NORTH AMERICA,317,49.18125353,64,43,55.60231457,61.78861789,43.21024642
GGEsports,GGE,14,10.93,0.21,0.14,-7.07,2.36,80.14,G,53.57,GGEsports,PG Nationals,EMEA,318,33.4839074,21,14,21.77801157,32.72357724,6.396524605
Gentle Hearts Gaming,GHG,8,17.25,0.38,0.5,-1.12,2.88,91.62,G,51.4,Gentle Hearts Gaming,LCS Challengers Qualifiers,NORTH AMERICA,319,69.16996047,38,50,53.07732772,43.29268293,14.99513145
The Kings,TK,16,10.12,0.38,0.31,-4.06,3.44,119.5,T,50.79,The Kings,LLA,LATIN AMERICA,320,28.91022021,38,31,37.61178327,54.67479675,35.87746236
Santiago Wanderers,SW,10,15.9,0.6,0.5,1.8,3.9,128.7,S,49.97,Santiago Wanderers,N/A,N/A,321,61.5471485,60,50,68.43766439,64.02439024,42.76833196
Boca Juniors Gaming,BOC,13,14.92,0.46,0.46,-0.62,4.38,124.46,B,48.65,Boca Juniors Gaming,N/A,N/A,322,56.01355167,46,46,55.70752236,73.7804878,39.59253988
CB Gaming,CBG,12,16.58,0.42,0.33,-3.58,3.75,109.67,C,48.36,CB Gaming,LCS Challengers Qualifiers,NORTH AMERICA,323,65.38678713,42,33,40.13677012,60.97560976,28.514718
CB Gaming,CB,5,10.8,0.2,0.2,-7,3.2,119.2,C,48.36,CB Gaming,LCS Challengers Qualifiers,NORTH AMERICA,324,32.74985884,20,20,22.14623882,49.79674797,35.65276009
Rock Bottom Esports,ROCK,14,16.5,0.57,0.5,0.5,4,118.93,R,48.03,Rock Bottom Esports,LCS Challengers Qualifiers,NORTH AMERICA,325,64.93506494,57,50,61.59915834,66.05691057,35.45052805
The Cheese Chasers,NPC,10,17.7,0.6,0.5,0,4.3,103.2,T,45.17,The Cheese Chasers,LCS Challengers Qualifiers,NORTH AMERICA,326,71.7108978,60,50,58.9689637,72.15447154,23.66863905
Varona Esports,VAE,14,10.86,0.14,0.21,-7,2.29,93.93,V,45.03,Varona Esports,Liga Portuguesa,EMEA,327,33.08865048,14,21,22.14623882,31.30081301,16.72533893
Reven Esports,RVN,13,9,0.08,0.08,-10.31,1.31,88,R,44.73,Reven Esports,N/A,N/A,328,22.58610954,8,8,4.734350342,11.38211382,12.28372407
Benelux United,BLX,13,10.85,0.38,0.31,-4.69,3.15,91.62,B,43.7,Benelux United,Elite Series,EMEA,329,33.03218521,38,31,34.29773803,48.7804878,14.99513145
Zenigma,ZEN,13,15.85,0.38,0.38,-2,3.85,111.69,Z,42.89,Zenigma,LCS Challengers Qualifiers,NORTH AMERICA,330,61.26482213,38,38,48.44818517,63.00813008,30.02771328
Rebirth Esports,RBT,10,8.5,0.2,0.2,-5.7,2.5,126.4,R,42.21,Rebirth Esports,N/A,N/A,331,19.76284585,20,20,28.98474487,35.56910569,41.04561456
5 Ronin,5R,14,7.57,0.21,0.07,-8.43,2.36,84.29,#,40.2,5 Ronin,TCL,EMEA,332,14.51157538,21,7,14.62388217,32.72357724,9.504906
The Kings Moon,TKM,13,8.31,0.31,0.23,-6.46,2.38,90.46,T,40.02,The Kings Moon,N/A,N/A,333,18.69000565,31,23,24.98684903,33.1300813,14.12628268
Maycam Evolve,EV,10,12.3,0.4,0.5,0.8,3.7,104.5,M,39.45,Maycam Evolve,N/A,N/A,334,41.21964992,40,50,63.17727512,59.95934959,24.64234889
War Legion Esports,WLE,10,11,0.2,0.2,-6,2.7,107.2,W,38.87,War Legion Esports,N/A,N/A,335,33.87916431,20,20,27.40662809,39.63414634,26.66466931
Newell's Esports,NOB,10,8.6,0.2,0,-8.4,2,101.5,N,37.8,Newell's Esports,N/A,N/A,336,20.32749859,20,0,14.78169385,25.40650407,22.39532619
Cruzados Esports,UC,12,12.08,0.67,0.5,-1.58,3.42,135.33,C,37.77,Cruzados Esports,N/A,N/A,337,39.97741389,67,50,50.65754866,54.26829268,47.73425212
XtremeDominators,XD,14,7.29,0.14,0,-11.21,1.21,78,X,36.02,XtremeDominators,Esports Balkan League,EMEA,338,12.93054771,14,0,0,9.349593496,4.793648416
University of St. Trevor,UST,10,17,0.5,0.5,1.7,4.6,121.8,U,34.62,University of St. Trevor,LCS Challengers Qualifiers,NORTH AMERICA,339,67.75832863,50,50,67.91162546,78.25203252,37.60017976
Conviction,CNV,9,15.22,0.22,0.22,-6.22,3.11,103.67,C,29.44,Conviction,LCS Challengers Qualifiers,NORTH AMERICA,340,57.70750988,22,22,26.24934245,47.96747967,24.02067261
Newstar,N5R,7,11,0.29,0.29,-1.86,4.43,158.29,N,28.59,Newstar,N/A,N/A,341,33.87916431,29,29,49.18463966,74.79674797,64.93146581
Vandals Esports,VAN,10,7.7,0,0,-10.3,1.1,104.3,V,28.47,Vandals Esports,N/A,N/A,342,15.24562394,0,0,4.786954235,7.113821138,24.49254737
Return of the Middlesticks,ROTM,7,15.29,0.43,0.29,-4.29,2.71,105.14,R,28.2,Return of the Middlesticks,LCS Challengers Qualifiers,NORTH AMERICA,343,58.1027668,43,29,36.40189374,39.83739837,25.12171373
Godel Gamers,GODL,8,14,0.38,0.5,-1.25,3.5,113.5,G,26.47,Godel Gamers,LCS Challengers Qualifiers,NORTH AMERICA,344,50.81874647,38,50,52.39347712,55.89430894,31.38341697
Cold Hearted,COLD,2,13.5,0.5,0.5,1,3,161.5,C,23.41,Cold Hearted,LCS Challengers Qualifiers,NORTH AMERICA,345,47.99548278,50,50,64.22935297,45.73170732,67.33578009
Froggy Five,FROG,8,11.25,0.5,0.38,-3.38,4.12,93.88,F,22.82,Froggy Five,LCS Challengers Qualifiers,NORTH AMERICA,346,35.29079616,50,38,41.18884797,68.49593496,16.68788855
Young Buffalos,YB,5,10.4,0.2,0.2,-8,2.6,71.6,Y,20.03,Young Buffalos,LCS Challengers Qualifiers,NORTH AMERICA,347,30.49124788,20,20,16.88584955,37.60162602,0
Horizon Gaming,HZG,7,17.43,0.29,0.43,-1.57,3.86,105.14,H,19.46,Horizon Gaming,LCS Challengers Qualifiers,NORTH AMERICA,348,70.1863354,29,43,50.71015255,63.21138211,25.12171373
Blue Otter,BOL,4,7.5,0.25,0,-8.25,2,88.5,B,13.92,Blue Otter,LCS Challengers Qualifiers,NORTH AMERICA,349,14.11631846,25,0,15.57075224,25.40650407,12.65822785
St. Clair College,SCC,5,9.2,0,0.2,-7.4,2.2,95,S,13.25,St. Clair College,College Championship,NORTH AMERICA,350,23.71541502,0,20,20.04208311,29.47154472,17.52677702
Mirage,MRGE,5,12,0.2,0.2,-5,2.8,127.2,M,10.78,Mirage,LCS Challengers Qualifiers,NORTH AMERICA,351,39.5256917,20,20,32.66701736,41.66666667,41.64482061
ISU Redbirds,ISU,4,11.25,0.25,0,-8,0.75,73.5,I,7.58,ISU Redbirds,LCS Challengers Qualifiers,NORTH AMERICA,352,35.29079616,25,0,16.88584955,0,1.423114373
PEACE,PCE,2,13,1,0.5,1.5,5,165.5,P,4.05,PEACE,Worlds,INTERNATIONAL,353,45.17221909,100,50,66.85954761,86.38211382,70.33181035
Team Plink,CAT,2,5,0,0,-7.5,1,86,T,0,Team Plink,LCS Challengers Qualifiers,NORTH AMERICA,354,0,0,0,19.51604419,5.081300813,10.78570894
